Player_Name,Year,Matches_Batted,Not_Outs,Runs_Scored,Highest_Score,Batting_Average,Balls_Faced,Batting_Strike_Rate,Centuries,Half_Centuries,Fours,Sixes,Catches_Taken,Stumpings,Matches_Bowled,Balls_Bowled,Runs_Conceded,Wickets_Taken,Best_Bowling_Match,Bowling_Average,Economy_Rate,Bowling_Strike_Rate,Four_Wicket_Hauls,Five_Wicket_Hauls
Abdul Samad,2025,13,4,164,45,20.5,93,176.34,0,0,8,14,4,0,13,2,6,0,0/6,0,18,0,0,0
Abdul Samad,2024,16,2,182,37*,18.2,108,168.52,0,0,15,11,9,0,16,0,0,0,0,0,0,0,0,0
Abdul Samad,2023,9,4,169,37*,42.25,128,132.03,0,0,10,11,4,0,9,0,0,0,0,0,0,0,0,0
Abdul Samad,2022,2,0,4,4,2,7,57.14,0,0,0,0,1,0,2,6,8,0,0/8,0,8,0,0,0
Abdul Samad,2021,11,1,111,28,12.33,87,127.58,0,0,4,8,8,0,11,6,9,1,01-Sep,9,9,6,0,0
Abdul Samad,2020,12,3,111,33,22.2,65,170.76,0,0,8,6,5,0,12,42,96,1,Jan-41,96,13.71,42,0,0
Abhinandan Singh,No stats,No stats,No stats,No stats,No stats,No stats,No stats,No stats,No stats,No stats,No stats,No stats,No stats,No stats,No stats,No stats,No stats,No stats,No stats,No stats,No stats,No stats,No stats,No stats
Abhishek Sharma,2025,14,0,439,141,33.77,227,193.39,1,2,46,28,8,0,14,66,112,0,0/5,0,10.18,0,0,0
Abhishek Sharma,2024,16,1,484,75*,32.27,237,204.22,0,3,36,42,7,0,16,42,51,2,Feb-24,25.5,7.29,21,0,0
Abhishek Sharma,2023,11,0,226,67,20.55,157,143.95,0,2,28,6,4,0,11,72,124,2,Jan-26,62,10.33,36,0,0
Abhishek Sharma,2022,14,0,426,75,30.43,320,133.13,0,2,47,13,1,0,14,24,38,0,0/10,0,9.5,0,0,0
Abhishek Sharma,2021,8,1,98,33,16.33,75,130.66,0,0,7,4,2,0,8,60,64,4,02-Apr,16,6.4,15,0,0
Abhishek Sharma,2020,8,2,71,31,14.2,56,126.78,0,0,6,3,1,0,8,60,91,2,Jan-15,45.5,9.1,30,0,0
Abhishek Sharma,2019,3,1,9,5*,4.5,9,100,0,0,1,0,2,0,3,12,21,1,01-Oct,21,10.5,12,0,0
Abhishek Sharma,2018,3,2,63,46*,63,33,190.9,0,0,3,5,1,0,3,0,0,0,0,0,0,0,0,0
Abishek Porel,2025,13,1,301,51,25.08,205,146.83,0,1,28,12,3,0,13,0,0,0,0,0,0,0,0,0
Abishek Porel,2024,14,2,327,65,32.7,205,159.51,0,2,36,13,2,0,14,0,0,0,0,0,0,0,0,0
Abishek Porel,2023,4,0,33,20,8.25,31,106.45,0,0,1,2,4,0,4,0,0,0,0,0,0,0,0,0
Adam Milne,2022,1,0,0,0,0,0,0,0,0,0,0,0,0,1,15,19,0,0/19,0,7.6,0,0,0
Adam Milne,2021,4,1,16,15,8,17,94.11,0,0,0,1,2,0,4,84,131,3,Feb-21,43.66,9.35,28,0,0
Adam Milne,2017,4,1,7,5,3.5,12,58.33,0,0,0,0,4,0,4,84,134,3,Feb-27,44.66,9.57,28,0,0
Adam Milne,2016,1,0,0,0,0,0,0,0,0,0,0,1,0,1,24,43,1,0,43,10.75,24,0,0
Aiden Markram,2025,13,0,445,66,34.23,299,148.83,0,5,38,22,7,0,13,66,102,4,Feb-30,25.5,9.27,16.5,0,0
Aiden Markram,2024,11,2,220,50,24.44,177,124.29,0,1,18,4,5,0,11,12,15,0,0/5,0,7.5,0,0,0
Aiden Markram,2023,13,2,248,50,22.55,197,125.89,0,1,18,8,11,0,13,49,70,1,Jan-24,70,8.57,49,0,0
Aiden Markram,2022,14,4,381,68*,47.63,274,139.05,0,3,25,19,6,0,14,36,64,1,01-Aug,64,10.67,36,0,0
Aiden Markram,2021,6,1,146,42,29.2,119,122.68,0,0,12,4,3,0,6,24,23,0,0/5,0,5.75,0,0,0
Ajay Mandal,No stats,No stats,No stats,No stats,No stats,No stats,No stats,No stats,No stats,No stats,No stats,No stats,No stats,No stats,No stats,No stats,No stats,No stats,No stats,No stats,No stats,No stats,No stats,No stats
Ajinkya Rahane,2025,13,1,390,61,35.45,264,147.73,0,3,36,20,5,0,13,0,0,0,0,0,0,0,0,0
Ajinkya Rahane,2024,13,0,242,45,20.17,196,123.47,0,0,23,7,1,0,13,0,0,0,0,0,0,0,0,0
Ajinkya Rahane,2023,14,1,326,71*,32.6,189,172.49,0,2,24,16,8,0,14,0,0,0,0,0,0,0,0,0
Ajinkya Rahane,2022,7,0,133,44,19,128,103.91,0,0,14,4,3,0,7,0,0,0,0,0,0,0,0,0
Ajinkya Rahane,2021,2,0,8,8,8,8,100,0,0,1,0,0,0,2,0,0,0,0,0,0,0,0,0
Ajinkya Rahane,2020,9,0,113,60,14.12,107,105.6,0,1,12,2,4,0,9,0,0,0,0,0,0,0,0,0
Ajinkya Rahane,2019,14,1,393,105*,32.75,285,137.89,1,1,45,9,5,0,14,0,0,0,0,0,0,0,0,0
Ajinkya Rahane,2018,15,1,370,65*,28.46,313,118.21,0,1,39,5,4,0,15,0,0,0,0,0,0,0,0,0
Ajinkya Rahane,2017,16,1,382,60,25.46,323,118.26,0,2,35,9,7,0,16,0,0,0,0,0,0,0,0,0
Ajinkya Rahane,2016,14,3,480,74,43.63,379,126.64,0,6,54,9,7,0,14,0,0,0,0,0,0,0,0,0
Ajinkya Rahane,2015,14,2,540,91*,49.09,413,130.75,0,4,53,13,3,0,14,0,0,0,0,0,0,0,0,0
Ajinkya Rahane,2014,13,0,339,72,28.25,291,116.49,0,3,38,3,6,0,13,0,0,0,0,0,0,0,0,0
Ajinkya Rahane,2013,18,4,488,68*,34.85,458,106.55,0,4,42,11,10,0,18,0,0,0,0,0,0,0,0,0
Ajinkya Rahane,2012,16,2,560,103*,40,433,129.33,1,3,73,10,11,0,16,0,0,0,0,0,0,0,0,0
Ajinkya Rahane,2011,10,1,120,52,20,98,122.44,0,1,12,2,1,0,10,0,0,0,0,0,0,0,0,0
Ajinkya Rahane,2009,8,1,144,62*,24,123,117.07,0,2,12,3,1,0,8,6,5,1,01-May,5,5,6,0,0
Ajinkya Rahane,2008,2,0,4,4,2,17,23.52,0,0,1,0,0,0,2,0,0,0,0,0,0,0,0,0
Akash Deep,2025,6,1,6,6*,6,2,300,0,0,0,1,0,0,6,114,229,3,Feb-55,76.33,12.05,38,0,0
Akash Deep,2024,1,1,2,2*,0,2,100,0,0,0,0,0,0,1,21,55,1,Jan-55,55,15.71,21,0,0
Akash Deep,2023,2,0,17,17,17,8,212.5,0,0,2,1,1,0,2,30,59,1,Jan-29,59,11.8,30,0,0
Akash Deep,2022,5,0,0,0,0,2,0,0,0,0,0,2,0,5,113,205,5,Mar-45,41,10.88,22.6,0,0
Akash Singh,2025,3,0,0,0,0,0,0,0,0,0,0,0,0,3,67,99,4,Feb-30,24.75,8.87,16.75,0,0
Akash Singh,2023,6,0,0,0,0,0,0,0,0,0,0,1,0,6,114,188,5,Feb-40,37.6,9.89,22.8,0,0
Akash Singh,2021,1,0,0,0,0,0,0,0,0,0,0,0,0,1,24,39,0,0/39,0,9.75,0,0,0
Akeal Hosein,No stats,No stats,No stats,No stats,No stats,No stats,No stats,No stats,No stats,No stats,No stats,No stats,No stats,No stats,No stats,No stats,No stats,No stats,No stats,No stats,No stats,No stats,No stats,No stats
Akshat Raghuwanshi,No stats,No stats,No stats,No stats,No stats,No stats,No stats,No stats,No stats,No stats,No stats,No stats,No stats,No stats,No stats,No stats,No stats,No stats,No stats,No stats,No stats,No stats,No stats,No stats
Allah Ghazanfar,No stats,No stats,No stats,No stats,No stats,No stats,No stats,No stats,No stats,No stats,No stats,No stats,No stats,No stats,No stats,No stats,No stats,No stats,No stats,No stats,No stats,No stats,No stats,No stats
Aman Khan,No stats,No stats,No stats,No stats,No stats,No stats,No stats,No stats,No stats,No stats,No stats,No stats,No stats,No stats,No stats,No stats,No stats,No stats,No stats,No stats,No stats,No stats,No stats,No stats
Aman Rao Perala,No stats,No stats,No stats,No stats,No stats,No stats,No stats,No stats,No stats,No stats,No stats,No stats,No stats,No stats,No stats,No stats,No stats,No stats,No stats,No stats,No stats,No stats,No stats,No stats
Amit Kumar,No stats,No stats,No stats,No stats,No stats,No stats,No stats,No stats,No stats,No stats,No stats,No stats,No stats,No stats,No stats,No stats,No stats,No stats,No stats,No stats,No stats,No stats,No stats,No stats
Angkrish Raghuvanshi,2025,12,2,300,50,33.33,215,139.53,0,1,30,8,2,0,12,0,0,0,0,0,0,0,0,0
Angkrish Raghuvanshi,2024,10,0,163,54,23.29,105,155.24,0,1,16,8,4,0,10,0,0,0,0,0,0,0,0,0
Aniket Verma,2025,14,3,236,74,26.22,142,166.2,0,1,12,20,6,0,14,0,0,0,0,0,0,0,0,0
Anrich Nortje,2025,2,2,0,0,0,0,0,0,0,0,0,1,0,2,42,83,1,Jan-23,83,11.86,42,0,0
Anrich Nortje,2024,6,0,4,4,2,8,50,0,0,0,0,1,0,6,132,294,7,Mar-59,42,13.36,18.86,0,0
Anrich Nortje,2023,10,4,37,23*,12.33,29,127.59,0,0,6,0,2,0,10,240,364,10,Feb-20,36.4,9.1,24,0,0
Anrich Nortje,2022,6,1,1,1*,0,6,16.67,0,0,0,0,2,0,6,134,217,9,Mar-42,24.11,9.72,14.89,0,0
Anrich Nortje,2021,8,0,0,0,0,0,0,0,0,0,0,1,0,8,182,187,12,02-Dec,15.58,6.16,15.16,0,0
Anrich Nortje,2020,16,4,7,3*,7,6,116.66,0,0,0,0,4,0,16,366,512,22,Mar-33,23.27,8.39,16.63,0,0
Anshul Kamboj,2025,8,3,14,5*,7,12,116.67,0,0,2,0,1,0,8,129,172,8,Mar-13,21.5,8,16.13,0,0
Anshul Kamboj,2024,3,1,2,2*,0,2,100,0,0,0,0,3,0,3,60,114,2,Jan-24,57,11.4,30,0,0
Anuj Rawat,2024,5,1,98,48,24.5,77,127.27,0,0,10,3,5,0,5,0,0,0,0,0,0,0,0,0
Anuj Rawat,2023,9,4,91,29*,30.33,71,128.17,0,0,6,4,3,0,9,0,0,0,0,0,0,0,0,0
Anuj Rawat,2022,8,0,129,66,16.13,118,109.32,0,1,10,7,6,0,8,0,0,0,0,0,0,0,0,0
Anuj Rawat,2021,2,0,0,0*,0,1,0,0,0,0,0,3,0,2,0,0,0,0,0,0,0,0,0
Anukul Roy,2025,1,0,0,0,0,1,0,0,0,0,0,1,0,1,24,27,1,Jan-27,27,6.75,24,0,0
Anukul Roy,2024,4,1,3,3*,0,3,100,0,0,0,0,0,0,4,34,60,0,0/6,0,10.59,0,0,0
Anukul Roy,2023,4,2,23,13*,11.5,19,121.05,0,0,3,0,4,0,4,48,65,3,Feb-19,21.67,8.13,16,0,0
Anukul Roy,2022,2,0,0,0,0,2,0,0,0,0,0,1,0,2,42,55,1,Jan-28,55,7.86,42,0,0
Anukul Roy,2019,1,0,0,0,0,0,0,0,0,0,0,0,0,1,12,11,1,01-Nov,11,5.5,12,0,0
Arjun Tendulkar,2024,1,0,0,0,0,0,0,0,0,0,0,0,0,1,14,22,0,0/22,0,9.43,0,0,0
Arjun Tendulkar,2023,4,0,13,13,13,9,144.44,0,0,0,1,0,0,4,59,92,3,01-Sep,30.67,9.36,19.67,0,0
Arshdeep Singh,2025,17,1,2,1,2,6,33.33,0,0,0,0,4,0,17,350,518,21,Mar-16,24.67,8.88,16.67,0,0
Arshdeep Singh,2024,14,0,4,4,4,3,133.33,0,0,1,0,1,0,14,302,505,19,Apr-29,26.58,10.03,15.89,1,0
Arshdeep Singh,2023,14,2,2,2*,0,2,100,0,0,0,0,1,0,14,305,493,17,Apr-29,29,9.7,17.94,1,0
Arshdeep Singh,2022,14,3,21,10*,7,29,72.41,0,0,3,0,4,0,14,300,385,10,Mar-37,38.5,7.7,30,0,0
Arshdeep Singh,2021,12,2,2,1*,0,3,66.66,0,0,0,0,4,0,12,248,342,18,May-32,19,8.27,13.77,0,1
Arshdeep Singh,2020,8,0,0,0*,0,3,0,0,0,0,0,2,0,8,149,218,9,Mar-23,24.22,8.77,16.55,0,0
Arshdeep Singh,2019,3,0,0,0,0,0,0,0,0,0,0,0,0,3,60,109,3,Feb-43,36.33,10.9,20,0,0
Arshin Kulkarni,2024,2,0,9,9,4.5,8,112.5,0,0,2,0,0,0,2,0,0,0,0,0,0,0,0,0
Ashok Sharma,No stats,No stats,No stats,No stats,No stats,No stats,No stats,No stats,No stats,No stats,No stats,No stats,No stats,No stats,No stats,No stats,No stats,No stats,No stats,No stats,No stats,No stats,No stats,No stats
Ashutosh Sharma,2025,13,2,204,66*,29.14,127,160.63,0,1,14,13,2,0,13,0,0,0,0,0,0,0,0,0
Ashutosh Sharma,2024,11,2,189,61,27,113,167.26,0,1,10,15,2,0,11,0,0,0,0,0,0,0,0,0
Ashwani Kumar,2025,7,0,0,0,0,0,0,0,0,0,0,2,0,7,123,232,11,Apr-24,21.09,11.32,11.18,1,0
Atharva Ankolekar,No stats,No stats,No stats,No stats,No stats,No stats,No stats,No stats,No stats,No stats,No stats,No stats,No stats,No stats,No stats,No stats,No stats,No stats,No stats,No stats,No stats,No stats,No stats,No stats
Auqib Dar,No stats,No stats,No stats,No stats,No stats,No stats,No stats,No stats,No stats,No stats,No stats,No stats,No stats,No stats,No stats,No stats,No stats,No stats,No stats,No stats,No stats,No stats,No stats,No stats
Avesh Khan,2025,13,3,21,19*,21,12,175,0,0,3,1,2,0,13,284,487,13,Mar-37,37.46,10.29,21.85,0,0
Avesh Khan,2024,16,3,10,7*,0,5,200,0,0,1,0,2,0,16,329,526,19,Mar-27,27.68,9.59,17.32,0,0
Avesh Khan,2023,9,1,0,0*,0,1,0,0,0,0,0,2,0,9,174,283,8,Mar-25,35.38,9.76,21.75,0,0
Avesh Khan,2022,13,3,22,12,22,13,169.23,0,0,0,3,2,0,13,286,416,18,Apr-24,23.11,8.73,15.89,1,0
Avesh Khan,2021,16,1,5,5*,0,3,166.66,0,0,1,0,1,0,16,366,450,24,Mar-13,18.75,7.37,15.25,0,0
Avesh Khan,2020,1,0,0,0,0,0,0,0,0,0,0,0,0,1,24,42,0,0/42,0,10.5,0,0,0
Avesh Khan,2019,1,1,4,4*,0,3,133.33,0,0,1,0,1,0,1,18,30,0,0/30,0,10,0,0,0
Avesh Khan,2018,6,0,0,0,0,0,0,0,0,0,0,3,0,6,114,204,4,Feb-29,51,10.73,28.5,0,0
Avesh Khan,2017,1,0,0,0,0,0,0,0,0,0,0,0,0,1,24,23,1,Jan-23,23,5.75,24,0,0
Axar Patel,2025,12,1,263,43,26.3,167,157.49,0,0,23,15,4,0,12,204,288,5,Feb-19,57.6,8.47,40.8,0,0
Axar Patel,2024,14,4,235,66,29.38,179,131.28,0,2,19,10,13,0,14,264,337,11,Feb-25,30.64,7.66,24,0,0
Axar Patel,2023,14,3,283,54,28.3,203,139.41,0,1,21,15,7,0,14,282,338,11,Feb-13,30.73,7.19,25.64,0,0
Axar Patel,2022,13,6,182,42*,45.5,120,151.67,0,0,12,10,8,0,13,258,321,6,02-Oct,53.5,7.47,43,0,0
Axar Patel,2021,12,1,40,12,8,46,86.95,0,0,2,1,4,0,12,276,306,15,Mar-21,20.4,6.65,18.4,0,0
Axar Patel,2020,15,1,117,42,14.62,85,137.64,0,0,6,8,6,0,15,306,327,9,Feb-18,36.33,6.41,34,0,0
Axar Patel,2019,14,6,110,26,18.33,88,125,0,0,10,3,9,0,14,306,364,10,Feb-22,36.4,7.13,30.6,0,0
Axar Patel,2018,9,2,80,19,13.33,69,115.94,0,0,3,4,2,0,9,156,218,3,Jan-21,72.66,8.38,52,0,0
Axar Patel,2017,14,5,227,44,28.37,162,140.12,0,0,11,11,7,0,14,288,362,15,03-Nov,24.13,7.54,19.2,0,0
Axar Patel,2016,14,3,111,36*,15.85,77,144.15,0,0,4,8,2,0,14,287,388,13,Apr-21,29.84,8.11,22.07,1,0
Axar Patel,2015,14,3,206,40*,22.88,174,118.39,0,0,13,8,7,0,14,280,392,13,02-Nov,30.15,8.4,21.53,0,0
Axar Patel,2014,17,2,62,42*,10.33,60,103.33,0,0,6,1,7,0,17,396,405,17,Mar-24,23.82,6.13,23.29,0,0
Ayush Badoni,2025,14,1,329,74,32.9,222,148.2,0,2,27,14,4,0,14,10,13,2,02-Apr,6.5,7.8,5,0,0
Ayush Badoni,2024,14,4,235,55*,29.38,171,137.43,0,2,22,5,3,0,14,12,25,0,0/6,0,12.5,0,0,0
Ayush Badoni,2023,15,2,238,59*,23.8,172,138.37,0,1,13,12,2,0,15,1,0,0,0/0,0,0,0,0,0
Ayush Badoni,2022,13,3,161,54,20.13,130,123.85,0,1,11,7,9,0,13,12,11,2,01-May,5.5,5.5,6,0,0
Ayush Mhatre,2025,7,0,240,94,34.29,127,188.98,0,1,31,11,4,0,7,0,0,0,0,0,0,0,0,0
Azmatullah Omarzai,2025,9,1,57,21*,14.25,41,139.02,0,0,6,3,1,0,9,162,279,8,Feb-33,34.88,10.33,20.25,0,0
Azmatullah Omarzai,2024,7,0,42,17,10.5,33,127.27,0,0,2,2,0,0,7,126,186,4,Feb-27,46.5,8.86,31.5,0,0
Ben Duckett,No stats,No stats,No stats,No stats,No stats,No stats,No stats,No stats,No stats,No stats,No stats,No stats,No stats,No stats,No stats,No stats,No stats,No stats,No stats,No stats,No stats,No stats,No stats,No stats
Ben Dwarshuis,No stats,No stats,No stats,No stats,No stats,No stats,No stats,No stats,No stats,No stats,No stats,No stats,No stats,No stats,No stats,No stats,No stats,No stats,No stats,No stats,No stats,No stats,No stats,No stats
Bhuvneshwar Kumar,2025,14,3,14,8,4.67,25,56,0,0,1,0,5,0,14,312,483,17,Mar-33,28.41,9.29,18.35,0,0
Bhuvneshwar Kumar,2024,16,2,23,13,7.67,29,79.31,0,0,3,0,1,0,16,342,533,11,Mar-41,48.45,9.35,31.09,0,0
Bhuvneshwar Kumar,2023,14,3,42,27,14,47,89.36,0,0,4,0,3,0,14,306,425,16,May-30,26.56,8.33,19.13,0,1
Bhuvneshwar Kumar,2022,14,3,24,8,8,26,92.31,0,0,3,0,2,0,14,313,383,12,Mar-22,31.92,7.34,26.08,0,0
Bhuvneshwar Kumar,2021,11,6,34,14*,34,30,113.33,0,0,3,0,0,0,11,252,335,6,Jan-16,55.83,7.97,42,0,0
Bhuvneshwar Kumar,2020,4,0,0,0*,0,2,0,0,0,0,0,0,0,4,85,99,3,Feb-25,33,6.98,28.33,0,0
Bhuvneshwar Kumar,2019,15,2,12,7*,4,19,63.15,0,0,1,0,4,0,15,354,461,13,Feb-24,35.46,7.81,27.23,0,0
Bhuvneshwar Kumar,2018,12,2,13,7,6.5,16,81.25,0,0,1,0,2,0,12,277,354,9,Mar-26,39.33,7.66,30.77,0,0
Bhuvneshwar Kumar,2017,14,1,4,4*,4,4,100,0,0,0,0,4,0,14,314,369,26,May-19,14.19,7.05,12.07,0,1
Bhuvneshwar Kumar,2016,17,2,43,21,7.16,27,159.25,0,0,6,1,6,0,17,396,490,23,Apr-29,21.3,7.42,17.21,1,0
Bhuvneshwar Kumar,2015,14,2,17,11*,17,10,170,0,0,2,1,5,0,14,310,407,18,Mar-26,22.61,7.87,17.22,0,0
Bhuvneshwar Kumar,2014,14,1,1,1,1,4,25,0,0,0,0,2,0,14,319,354,20,Apr-14,17.7,6.65,15.95,1,0
Bhuvneshwar Kumar,2013,16,2,52,24*,7.42,71,73.23,0,0,3,1,2,0,16,342,371,13,Mar-18,28.53,6.5,26.3,0,0
Bhuvneshwar Kumar,2012,11,6,40,11*,13.33,40,100,0,0,4,0,0,0,11,234,281,8,02-Sep,35.12,7.2,29.25,0,0
Bhuvneshwar Kumar,2011,4,0,1,1,0,1,0,0,0,0,0,2,0,4,66,67,3,Feb-14,22.33,6.09,22,0,0
Blessing Muzarabani,No stats,No stats,No stats,No stats,No stats,No stats,No stats,No stats,No stats,No stats,No stats,No stats,No stats,No stats,No stats,No stats,No stats,No stats,No stats,No stats,No stats,No stats,No stats,No stats
Brijesh Sharma,No stats,No stats,No stats,No stats,No stats,No stats,No stats,No stats,No stats,No stats,No stats,No stats,No stats,No stats,No stats,No stats,No stats,No stats,No stats,No stats,No stats,No stats,No stats,No stats
Brydon Carse,No stats,No stats,No stats,No stats,No stats,No stats,No stats,No stats,No stats,No stats,No stats,No stats,No stats,No stats,No stats,No stats,No stats,No stats,No stats,No stats,No stats,No stats,No stats,No stats
Cameron Green,No stats,0,0,0,0,0,0,0,0,0,0,0,0,0,No stats,No stats,No stats,No stats,No stats,No stats,No stats,No stats,No stats,No stats
Cameron Green,2024,13,4,255,46,31.88,178,143.26,0,0,22,10,5,0,0,0,0,0,0,0,0,0,0,0
Cameron Green,2023,16,7,452,100*,50.22,282,160.28,1,2,40,22,5,0,0,0,0,0,0,0,0,0,0,0
Cooper Connolly,No stats,No stats,No stats,No stats,No stats,No stats,No stats,No stats,No stats,No stats,No stats,No stats,No stats,No stats,No stats,No stats,No stats,No stats,No stats,No stats,No stats,No stats,No stats,No stats
Corbin Bosch,2025,3,0,47,27,23.5,32,146.88,0,0,3,3,2,0,3,42,55,1,Jan-26,55,7.86,42,0,0
Daksh Kamra,No stats,No stats,No stats,No stats,No stats,No stats,No stats,No stats,No stats,No stats,No stats,No stats,No stats,No stats,No stats,No stats,No stats,No stats,No stats,No stats,No stats,No stats,No stats,No stats
Danish Malewar,No stats,No stats,No stats,No stats,No stats,No stats,No stats,No stats,No stats,No stats,No stats,No stats,No stats,No stats,No stats,No stats,No stats,No stats,No stats,No stats,No stats,No stats,No stats,No stats
David Miller,2025,11,6,153,27*,30.6,120,127.5,0,0,13,4,5,0,11,0,0,0,0,0,0,0,0,0
David Miller,2024,9,3,210,55,35,139,151.08,0,1,20,8,5,0,9,0,0,0,0,0,0,0,0,0
David Miller,2023,16,5,259,46,32.38,178,145.51,0,0,18,13,11,0,16,0,0,0,0,0,0,0,0,0
David Miller,2022,16,9,481,94*,68.71,337,142.73,0,2,32,23,6,0,16,0,0,0,0,0,0,0,0,0
David Miller,2021,9,3,124,62,24.8,113,109.73,0,1,11,3,4,0,9,0,0,0,0,0,0,0,0,0
David Miller,2020,1,0,0,0,0,0,0,0,0,0,0,0,0,1,0,0,0,0,0,0,0,0,0
David Miller,2019,10,2,213,59*,26.62,164,129.87,0,1,19,7,7,0,10,0,0,0,0,0,0,0,0,0
David Miller,2018,3,1,74,26,37,64,115.62,0,0,3,2,0,0,3,0,0,0,0,0,0,0,0,0
David Miller,2017,5,1,83,30*,27.66,80,103.75,0,0,4,4,2,0,5,0,0,0,0,0,0,0,0,0
David Miller,2016,14,3,161,31,16.1,131,122.9,0,0,11,4,10,0,14,0,0,0,0,0,0,0,0,0
David Miller,2015,13,2,357,89*,32.45,266,134.21,0,2,21,21,7,0,13,0,0,0,0,0,0,0,0,0
David Miller,2014,16,6,446,66,44.6,299,149.16,0,3,34,21,14,0,16,0,0,0,0,0,0,0,0,0
David Miller,2013,12,5,418,101*,59.71,254,164.56,1,3,28,24,8,0,12,0,0,0,0,0,0,0,0,0
David Miller,2012,6,3,98,34*,32.66,75,130.66,0,0,6,4,1,0,6,0,0,0,0,0,0,0,0,0
Deepak Chahar,2025,14,3,37,28*,37,25,148,0,0,3,2,2,0,14,246,376,11,02-Dec,34.18,9.17,22.36,0,0
Deepak Chahar,2024,8,0,0,0,0,0,0,0,0,0,0,0,0,8,141,202,5,Feb-28,40.4,8.6,28.2,0,0
Deepak Chahar,2023,10,1,1,1*,0,2,50,0,0,0,0,1,0,10,204,297,13,Mar-22,22.85,8.74,15.69,0,0
Deepak Chahar,2021,15,2,1,1*,0,1,100,0,0,0,0,5,0,15,324,451,14,Apr-13,32.21,8.35,23.14,2,0
Deepak Chahar,2020,14,2,7,5*,7,12,58.33,0,0,0,0,3,0,14,312,396,12,Feb-18,33,7.61,26,0,0
Deepak Chahar,2019,17,0,7,7,3.5,9,77.77,0,0,1,0,2,0,17,387,482,22,Mar-20,21.9,7.47,17.59,0,0
Deepak Chahar,2018,12,1,50,39,16.66,29,172.41,0,0,1,4,1,0,12,229,278,10,Mar-15,27.8,7.28,22.9,0,0
Deepak Chahar,2017,3,0,14,14,14,6,233.33,0,0,0,2,0,0,3,42,74,1,Jan-35,74,10.57,42,0,0
Deepak Chahar,2016,2,0,0,0,0,0,0,0,0,0,0,1,0,2,30,41,0,0/13,0,8.2,0,0,0
Devdutt Padikkal,2025,10,1,247,61,27.44,164,150.61,0,2,21,14,1,0,10,0,0,0,0,0,0,0,0,0
Devdutt Padikkal,2024,7,0,38,13,5.43,53,71.7,0,0,3,0,4,0,7,0,0,0,0,0,0,0,0,0
Devdutt Padikkal,2023,11,1,261,52,26.1,200,130.5,0,2,31,6,4,0,11,0,0,0,0,0,0,0,0,0
Devdutt Padikkal,2022,17,0,376,54,22.12,306,122.88,0,1,40,14,5,0,17,0,0,0,0,0,0,0,0,0
Devdutt Padikkal,2021,14,1,411,101*,31.61,328,125.3,1,1,44,14,7,0,14,0,0,0,0,0,0,0,0,0
Devdutt Padikkal,2020,15,0,473,74,31.53,379,124.8,0,5,51,8,8,0,15,0,0,0,0,0,0,0,0,0
Dewald Brevis,2025,6,0,225,57,37.5,125,180,0,2,13,17,6,0,6,0,0,0,0,0,0,0,0,0
Dewald Brevis,2024,3,0,69,46,23,59,116.95,0,0,3,5,1,0,3,0,0,0,0,0,0,0,0,0
Dewald Brevis,2022,7,0,161,49,23,113,142.48,0,0,14,11,3,0,7,3,8,1,01-Aug,8,16,3,0,0
Dhruv Jurel,2025,14,4,333,70,37,213,156.34,0,2,22,22,7,0,14,0,0,0,0,0,0,0,0,0
Dhruv Jurel,2024,15,3,195,56*,24.38,141,138.3,0,2,18,7,11,0,15,0,0,0,0,0,0,0,0,0
Dhruv Jurel,2023,13,4,152,34*,21.71,88,172.73,0,0,11,9,1,0,13,0,0,0,0,0,0,0,0,0
Digvesh Singh,2025,13,1,1,1,1,3,33.33,0,0,0,0,3,0,13,312,429,14,Feb-30,30.64,8.25,22.29,0,0
Donovan Ferreira,2025,1,0,1,1,1,3,33.33,0,0,0,0,0,0,1,0,0,0,0,0,0,0,0,0
Donovan Ferreira,2024,2,0,8,7,4,11,72.73,0,0,0,0,2,0,2,0,0,0,0,0,0,0,0,0
Dushmantha Chameera,2025,6,3,10,8*,0,14,71.43,0,0,0,0,1,0,6,90,171,4,Jan-24,42.75,11.4,22.5,0,0
Dushmantha Chameera,2024,1,0,0,0,0,0,0,0,0,0,0,0,0,1,18,48,0,0/48,0,16,0,0,0
Dushmantha Chameera,2022,12,4,43,17,10.75,28,153.57,0,0,3,3,2,0,12,264,384,9,Feb-17,42.67,8.73,29.33,0,0
Eshan Malinga,2025,7,0,0,0,0,0,0,0,0,0,0,4,0,7,160,238,13,Mar-31,18.31,8.93,12.31,0,0
Finn Allen,No stats,No stats,No stats,No stats,No stats,No stats,No stats,No stats,No stats,No stats,No stats,No stats,No stats,No stats,No stats,No stats,No stats,No stats,No stats,No stats,No stats,No stats,No stats,No stats
Glenn Phillips,2023,5,0,39,25,7.8,22,177.27,0,0,2,4,2,0,5,18,20,1,01-Oct,20,6.67,18,0,0
Glenn Phillips,2021,3,1,26,14*,13,33,78.78,0,0,1,2,1,0,3,12,20,1,Jan-17,20,10,12,0,0
Gurjapneet Singh,No stats,No stats,No stats,No stats,No stats,No stats,No stats,No stats,No stats,No stats,No stats,No stats,No stats,No stats,No stats,No stats,No stats,No stats,No stats,No stats,No stats,No stats,No stats,No stats
Gurnoor Singh Brar,2023,1,0,0,0,0,0,0,0,0,0,0,0,0,1,18,42,0,0/42,0,14,0,0,0
Hardik Pandya,2025,15,3,224,48*,24.89,137,163.5,0,0,18,12,3,0,15,210,342,14,May-36,24.43,9.77,15,0,1
Hardik Pandya,2024,14,1,216,46,18,151,143.05,0,0,17,11,4,0,14,216,387,11,Mar-31,35.18,10.75,19.64,0,0
Hardik Pandya,2023,16,4,346,66,31.45,253,136.76,0,2,26,15,8,0,16,150,228,3,01-Oct,76,9.12,50,0,0
Hardik Pandya,2022,15,4,487,87*,44.27,371,131.27,0,4,49,12,4,0,15,183,222,8,Mar-17,27.75,7.28,22.88,0,0
Hardik Pandya,2021,12,2,127,40*,14.11,112,113.39,0,0,11,5,4,0,12,0,0,0,0,0,0,0,0,0
Hardik Pandya,2020,14,5,281,60*,35.12,157,178.98,0,1,14,25,6,0,14,0,0,0,0,0,0,0,0,0
Hardik Pandya,2019,16,6,402,91,44.66,210,191.42,0,1,28,29,11,0,16,255,390,14,Mar-20,27.85,9.17,18.21,0,0
Hardik Pandya,2018,13,4,260,50,28.88,195,133.33,0,1,20,11,8,0,13,256,381,18,Mar-24,21.16,8.92,14.22,0,0
Hardik Pandya,2017,17,9,250,35*,35.71,160,156.25,0,0,11,20,12,0,17,156,213,6,Feb-22,35.5,8.19,26,0,0
Hardik Pandya,2016,11,2,44,9,6.28,63,69.84,0,0,4,0,6,0,11,100,153,3,01-Jul,51,9.18,33.33,0,0
Hardik Pandya,2015,9,3,112,61*,22.4,62,180.64,0,1,9,8,6,0,9,102,176,1,Jan-13,176,10.35,102,0,0
Harnoor Pannu,No stats,No stats,No stats,No stats,No stats,No stats,No stats,No stats,No stats,No stats,No stats,No stats,No stats,No stats,No stats,No stats,No stats,No stats,No stats,No stats,No stats,No stats,No stats,No stats
Harpreet Brar,2025,8,1,11,7*,11,13,84.62,0,0,0,1,0,0,8,132,190,10,Mar-22,19,8.64,13.2,0,0
Harpreet Brar,2024,13,5,75,29,37.5,54,138.89,0,0,8,2,7,0,13,228,303,7,Feb-13,43.29,7.97,32.57,0,0
Harpreet Brar,2023,13,2,52,17*,8.67,41,126.83,0,0,5,2,2,0,13,163,218,9,Apr-30,24.22,8.02,18.11,1,0
Harpreet Brar,2022,5,0,22,14,7.33,25,88,0,0,1,2,3,0,5,96,146,4,Mar-26,36.5,9.13,24,0,0
Harpreet Brar,2021,7,5,64,25*,0,58,110.34,0,0,3,2,2,0,7,138,139,5,Mar-19,27.8,6.04,27.6,0,0
Harpreet Brar,2020,1,0,0,0,0,0,0,0,0,0,0,0,0,1,24,41,0,0/41,0,10.25,0,0,0
Harpreet Brar,2019,2,1,20,20*,0,12,166.66,0,0,2,1,0,0,2,30,48,0,0/24,0,9.6,0,0,0
Harsh Dubey,2025,3,0,0,0,0,0,0,0,0,0,0,0,0,3,60,98,5,Mar-34,19.6,9.8,12,0,0
Harshal Patel,2025,13,2,21,12*,10.5,26,80.77,0,0,0,0,3,0,13,263,430,16,Apr-28,26.88,9.81,16.44,2,0
Harshal Patel,2024,14,1,13,12,4.33,19,68.42,0,0,1,1,5,0,14,294,477,24,Mar-15,19.88,9.73,12.25,0,0
Harshal Patel,2023,14,0,6,6,3,6,100,0,0,0,1,2,0,14,282,454,14,Mar-32,32.43,9.66,20.14,0,0
Harshal Patel,2022,15,3,43,11,8.6,39,110.26,0,0,4,2,3,0,15,321,410,19,Apr-34,21.58,7.66,16.89,1,0
Harshal Patel,2021,15,4,59,31,14.75,46,128.26,0,0,6,2,3,0,15,338,459,32,May-27,14.34,8.14,10.56,1,1
Harshal Patel,2020,5,0,21,16,10.5,24,87.5,0,0,2,0,1,0,5,90,134,3,Feb-34,44.66,8.93,30,0,0
Harshal Patel,2019,2,1,0,0*,0,2,0,0,0,0,0,0,0,2,48,77,2,Feb-40,38.5,9.62,24,0,0
Harshal Patel,2018,5,1,60,36*,60,33,181.81,0,0,1,6,0,0,5,105,167,7,Mar-28,23.85,9.54,15,0,0
Harshal Patel,2017,1,0,0,0,0,0,0,0,0,0,0,0,0,1,24,43,3,Mar-43,14.33,10.75,8,0,0
Harshal Patel,2016,5,1,0,0,0,0,0,0,0,0,0,2,0,5,84,147,1,Jan-46,147,10.5,84,0,0
Harshal Patel,2015,15,2,19,9*,3.8,12,158.33,0,0,0,2,1,0,15,263,328,17,02-Dec,19.29,7.48,15.47,0,0
Harshal Patel,2014,3,1,13,6,6.5,7,185.71,0,0,1,1,0,0,3,66,113,4,Feb-56,28.25,10.27,16.5,0,0
Harshal Patel,2012,12,1,15,10,7.5,15,100,0,0,1,0,8,0,12,246,340,9,Feb-24,37.77,8.29,27.33,0,0
Harshit Rana,2025,13,3,57,34,14.25,53,107.55,0,0,5,3,6,0,13,264,448,15,Mar-25,29.87,10.18,17.6,0,0
Harshit Rana,2024,13,0,0,0,0,0,0,0,0,0,0,4,0,13,253,383,19,Mar-24,20.16,9.08,13.32,0,0
Harshit Rana,2023,6,0,0,0,0,1,0,0,0,0,0,2,0,6,102,147,5,Feb-33,29.4,8.65,20.4,0,0
Harshit Rana,2022,2,1,2,2,2,2,100,0,0,0,0,0,0,2,30,51,1,Jan-24,51,10.2,30,0,0
Heinrich Klaasen,2025,13,2,487,105*,44.27,282,172.7,1,1,42,25,7,0,13,0,0,0,0,0,0,0,0,0
Heinrich Klaasen,2024,16,3,479,80*,39.92,280,171.07,0,4,19,38,8,2,16,0,0,0,0,0,0,0,0,0
Heinrich Klaasen,2023,12,2,448,104,49.78,253,177.08,1,2,32,25,3,1,12,0,0,0,0,0,0,0,0,0
Heinrich Klaasen,2019,3,0,9,6,4.5,10,90,0,0,0,0,0,0,3,0,0,0,0,0,0,0,0,0
Heinrich Klaasen,2018,4,1,57,32,19,47,121.27,0,0,5,1,3,4,4,0,0,0,0,0,0,0,0,0
Himmat Singh,2025,3,0,0,0,0,0,0,0,0,0,0,1,0,3,0,0,0,0,0,0,0,0,0
Ishan Kishan,2025,14,3,354,106*,35.4,232,152.59,1,1,33,15,8,0,14,1,4,0,0/4,0,24,0,0,0
Ishan Kishan,2024,14,0,320,69,22.86,215,148.84,0,1,35,16,9,0,14,0,0,0,0,0,0,0,0,0
Ishan Kishan,2023,16,0,454,75,30.27,318,142.77,0,3,54,18,10,3,16,0,0,0,0,0,0,0,0,0
Ishan Kishan,2022,14,1,418,81*,32.15,348,120.11,0,3,45,11,13,0,14,0,0,0,0,0,0,0,0,0
Ishan Kishan,2021,10,1,241,84,26.77,180,133.88,0,2,21,10,3,0,10,0,0,0,0,0,0,0,0,0
Ishan Kishan,2020,14,4,516,99,57.33,354,145.76,0,4,36,30,1,0,14,0,0,0,0,0,0,0,0,0
Ishan Kishan,2019,7,0,101,28,16.83,100,101,0,0,8,4,2,0,7,0,0,0,0,0,0,0,0,0
Ishan Kishan,2018,14,0,275,62,22.91,184,149.45,0,2,22,17,9,2,14,0,0,0,0,0,0,0,0,0
Ishan Kishan,2017,11,0,277,61,27.7,206,134.46,0,1,29,13,3,0,11,0,0,0,0,0,0,0,0,0
Ishan Kishan,2016,5,0,42,27,8.4,41,102.43,0,0,5,0,1,0,5,0,0,0,0,0,0,0,0,0
Ishan Kishan,2011,0,0,0,0,0,0,0,0,0,0,0,0,0,2,0,0,0,0,0,0,0,0,0
Ishant Sharma,2025,7,0,0,0,0,0,0,0,0,0,0,2,0,7,110,205,4,Jan-18,51.25,11.18,27.5,0,0
Ishant Sharma,2024,9,2,1,1*,0,7,14.29,0,0,0,0,2,0,9,162,265,10,Mar-34,26.5,9.81,16.2,0,0
Ishant Sharma,2023,8,1,1,1*,0,1,100,0,0,0,0,0,0,8,150,206,10,Feb-19,20.6,8.24,15,0,0
Ishant Sharma,2021,3,0,0,0,0,0,0,0,0,0,0,0,0,3,72,97,1,Jan-26,97,8.08,72,0,0
Ishant Sharma,2020,1,0,0,0,0,0,0,0,0,0,0,0,0,1,18,26,0,0/26,0,8.66,0,0,0
Ishant Sharma,2019,13,3,10,10*,0,3,333.33,0,0,1,1,1,0,13,276,349,13,Mar-38,26.84,7.58,21.23,0,0
Ishant Sharma,2017,6,1,8,5*,4,12,66.66,0,0,1,0,0,0,6,108,179,0,0/12,0,9.94,0,0,0
Ishant Sharma,2016,4,1,0,0,0,0,0,0,0,0,0,2,0,4,90,148,3,Feb-36,49.33,9.86,30,0,0
Ishant Sharma,2015,4,0,0,0,0,0,0,0,0,0,0,0,0,4,84,159,1,Jan-25,159,11.35,84,0,0
Ishant Sharma,2014,3,0,0,0,0,0,0,0,0,0,0,0,0,3,66,101,3,Feb-37,33.66,9.18,22,0,0
Ishant Sharma,2013,16,2,0,0,0,0,0,0,0,0,0,6,0,16,358,466,15,Mar-27,31.06,7.81,23.86,0,0
Ishant Sharma,2011,12,5,4,1*,0,5,80,0,0,0,0,3,0,12,264,314,11,05-Dec,28.54,7.13,24,0,1
Ishant Sharma,2010,7,1,6,6*,6,17,35.29,0,0,0,0,1,0,7,150,236,7,Feb-33,33.71,9.44,21.42,0,0
Ishant Sharma,2009,11,1,16,9,8,13,123.07,0,0,1,1,2,0,11,258,297,11,Feb-15,27,6.9,23.45,0,0
Ishant Sharma,2008,13,5,11,4*,11,11,100,0,0,1,0,2,0,13,259,331,8,02-Sep,41.37,7.66,32.37,0,0
Jack Edwards,No stats,No stats,No stats,No stats,No stats,No stats,No stats,No stats,No stats,No stats,No stats,No stats,No stats,No stats,No stats,No stats,No stats,No stats,No stats,No stats,No stats,No stats,No stats,No stats
Jacob Bethell,2025,2,0,67,55,33.5,39,171.79,0,1,9,3,1,0,2,0,0,0,0,0,0,0,0,0
Jacob Duffy,No stats,No stats,No stats,No stats,No stats,No stats,No stats,No stats,No stats,No stats,No stats,No stats,No stats,No stats,No stats,No stats,No stats,No stats,No stats,No stats,No stats,No stats,No stats,No stats
Jamie Overton,2025,3,2,15,11*,0,7,214.29,0,0,1,1,0,0,3,36,83,0,0/24,0,13.83,0,0,0
Jason Holder,2021,8,1,85,47*,14.16,72,118.05,0,0,2,6,2,0,8,191,247,16,Apr-52,15.43,7.75,11.93,1,0
Jason Holder,2020,7,2,66,26*,33,53,124.52,0,0,5,3,0,0,7,168,233,14,Mar-25,16.64,8.32,12,0,0
Jason Holder,2016,4,0,22,13,5.5,19,115.78,0,0,2,1,0,0,4,78,103,2,Feb-33,51.5,7.92,39,0,0
Jason Holder,2014,1,0,16,16,16,12,133.33,0,0,2,1,2,0,1,18,35,1,Jan-35,35,11.66,18,0,0
Jason Holder,2013,6,0,0,0,0,0,0,0,0,0,0,3,0,6,120,168,2,Feb-20,84,8.4,60,0,0
Jasprit Bumrah,2025,12,1,0,0*,0,1,0,0,0,0,0,2,0,12,284,316,18,Apr-22,17.56,6.68,15.78,1,0
Jasprit Bumrah,2024,13,4,12,8*,0,12,100,0,0,1,0,1,0,13,311,336,20,May-21,16.8,6.48,15.55,0,1
Jasprit Bumrah,2022,14,4,0,0*,0,8,0,0,0,0,0,2,0,14,320,383,15,05-Oct,25.53,7.18,21.33,0,1
Jasprit Bumrah,2021,14,5,16,5*,8,17,94.11,0,0,2,0,4,0,14,330,410,21,Mar-36,19.52,7.45,15.71,0,0
Jasprit Bumrah,2020,15,1,5,5*,0,3,166.66,0,0,0,0,0,0,15,360,404,27,Apr-14,14.96,6.73,13.33,2,0
Jasprit Bumrah,2019,16,3,0,0*,0,1,0,0,0,0,0,2,0,16,370,409,19,Mar-20,21.52,6.63,19.47,0,0
Jasprit Bumrah,2018,14,2,10,6*,10,11,90.9,0,0,1,0,4,0,14,324,372,17,Mar-15,21.88,6.88,19.05,0,0
Jasprit Bumrah,2017,16,1,17,16*,17,12,133.33,0,0,0,1,2,0,16,356,439,20,03-Jul,21.95,7.39,17.8,0,0
Jasprit Bumrah,2016,14,1,8,6,8,11,72.72,0,0,1,0,1,0,14,312,406,15,Mar-13,27.06,7.8,20.8,0,0
Jasprit Bumrah,2015,4,1,0,0,0,0,0,0,0,0,0,0,0,4,90,184,3,Jan-38,61.33,12.26,30,0,0
Jasprit Bumrah,2014,11,2,1,1*,0,3,33.33,0,0,0,0,0,0,11,238,301,5,Feb-22,60.2,7.58,47.6,0,0
Jasprit Bumrah,2013,2,0,0,0,0,0,0,0,0,0,0,0,0,2,42,70,3,Mar-32,23.33,10,14,0,0
Jayant Yadav,2023,1,0,0,0,0,0,0,0,0,0,0,2,0,1,24,26,0,0/26,0,6.5,0,0,0
Jayant Yadav,2021,5,1,34,23,17,26,130.76,0,0,2,1,2,0,5,102,130,2,Jan-25,65,7.64,51,0,0
Jayant Yadav,2020,2,0,0,0,0,0,0,0,0,0,0,0,0,2,42,43,1,Jan-25,43,6.14,42,0,0
Jayant Yadav,2019,2,0,0,0,0,0,0,0,0,0,0,2,0,2,42,50,1,Jan-25,50,7.14,42,0,0
Jayant Yadav,2017,2,0,0,0,0,0,0,0,0,0,0,0,0,2,36,42,0,0/16,0,7,0,0,0
Jayant Yadav,2016,5,0,6,5,3,10,60,0,0,0,0,1,0,5,102,125,2,Jan-23,62.5,7.35,51,0,0
Jayant Yadav,2015,3,0,0,0,0,0,0,0,0,0,0,1,0,3,42,29,2,01-Aug,14.5,4.14,21,0,0
Jaydev Unadkat,2025,7,0,0,0,0,0,0,0,0,0,0,2,0,7,143,175,11,Mar-24,15.91,7.34,13,0,0
Jaydev Unadkat,2024,11,2,24,8*,8,26,92.31,0,0,2,1,0,0,11,187,319,8,Mar-30,39.88,10.24,23.38,0,0
Jaydev Unadkat,2023,3,0,9,9,9,7,128.57,0,0,1,0,0,0,3,48,92,0,0/26,0,11.5,0,0,0
Jaydev Unadkat,2022,5,2,59,19*,19.67,37,159.46,0,0,4,3,1,0,5,120,190,6,Feb-32,31.67,9.5,20,0,0
Jaydev Unadkat,2021,6,1,41,24,20.5,29,141.37,0,0,3,2,1,0,6,132,168,4,Mar-15,42,7.63,33,0,0
Jaydev Unadkat,2020,7,0,9,9,9,13,69.23,0,0,0,0,1,0,7,138,228,4,Feb-32,57,9.91,34.5,0,0
Jaydev Unadkat,2019,11,3,1,1,1,3,33.33,0,0,0,0,4,0,11,224,398,10,Feb-26,39.8,10.66,22.4,0,0
Jaydev Unadkat,2018,15,3,49,26,12.25,38,128.94,0,0,6,1,6,0,15,302,486,11,Mar-46,44.18,9.65,27.45,0,0
Jaydev Unadkat,2017,12,2,2,2*,0,5,40,0,0,0,0,9,0,12,275,322,24,May-30,13.41,7.02,11.45,0,1
Jaydev Unadkat,2016,1,0,0,0,0,0,0,0,0,0,0,0,0,1,18,49,0,0/49,0,16.33,0,0,0
Jaydev Unadkat,2015,1,0,0,0,0,0,0,0,0,0,0,0,0,1,18,30,0,0/30,0,10,0,0,0
Jaydev Unadkat,2014,9,1,1,1*,1,6,16.66,0,0,0,0,0,0,9,187,270,9,Mar-32,30,8.66,20.77,0,0
Jaydev Unadkat,2013,13,2,2,1,0,2,100,0,0,0,0,1,0,13,294,370,13,May-25,28.46,7.55,22.61,0,1
Jaydev Unadkat,2012,1,0,0,0,0,0,0,0,0,0,0,0,0,1,18,32,0,0/32,0,10.66,0,0,0
Jaydev Unadkat,2011,7,0,0,0,0,0,0,0,0,0,0,2,0,7,108,150,6,Feb-25,25,8.33,18,0,0
Jaydev Unadkat,2010,3,0,0,0,0,0,0,0,0,0,0,1,0,3,62,85,4,Mar-26,21.25,8.22,15.5,0,0
Jitesh Sharma,2025,15,4,261,85*,37.29,148,176.35,0,1,24,17,19,1,15,0,0,0,0,0,0,0,0,0
Jitesh Sharma,2024,14,1,187,32*,17,142,131.69,0,0,9,12,13,0,14,0,0,0,0,0,0,0,0,0
Jitesh Sharma,2023,14,1,309,49*,23.77,198,156.06,0,0,22,21,3,2,14,0,0,0,0,0,0,0,0,0
Jitesh Sharma,2022,12,2,234,44,29.25,143,163.64,0,0,22,12,9,2,12,0,0,0,0,0,0,0,0,0
Jofra Archer,2025,12,1,63,30,10.5,50,126,0,0,3,4,1,0,12,273,431,11,Mar-25,39.18,9.47,24.82,0,0
Jofra Archer,2023,5,2,4,3*,0,4,100,0,0,0,0,1,0,5,120,190,2,Jan-35,95,9.5,60,0,0
Jofra Archer,2020,14,4,113,27*,18.83,63,179.36,0,0,5,10,5,0,14,334,365,20,Mar-19,18.25,6.55,16.7,0,0
Jofra Archer,2019,11,3,67,27*,33.5,40,167.5,0,0,4,4,3,0,11,258,291,11,Mar-15,26.45,6.76,23.45,0,0
Jofra Archer,2018,10,3,15,8,3,21,71.42,0,0,2,0,1,0,10,233,325,15,Mar-22,21.66,8.36,15.53,0,0
Jordan Cox,No stats,No stats,No stats,No stats,No stats,No stats,No stats,No stats,No stats,No stats,No stats,No stats,No stats,No stats,No stats,No stats,No stats,No stats,No stats,No stats,No stats,No stats,No stats,No stats
Jos Buttler,2025,14,4,538,97*,59.78,330,163.03,0,5,52,24,8,2,14,0,0,0,0,0,0,0,0,0
Jos Buttler,2024,11,2,359,107*,39.89,255,140.78,2,0,36,12,3,0,11,0,0,0,0,0,0,0,0,0
Jos Buttler,2023,14,0,392,95,28,282,139.01,0,4,42,14,9,0,14,0,0,0,0,0,0,0,0,0
Jos Buttler,2022,17,2,863,116,57.53,579,149.05,4,4,83,45,9,0,17,0,0,0,0,0,0,0,0,0
Jos Buttler,2021,7,0,254,124,36.28,166,153.01,1,0,27,13,3,0,7,0,0,0,0,0,0,0,0,0
Jos Buttler,2020,13,2,328,70*,32.8,227,144.49,0,2,27,16,6,0,13,0,0,0,0,0,0,0,0,0
Jos Buttler,2019,8,0,311,89,38.87,205,151.7,0,3,38,14,8,0,8,0,0,0,0,0,0,0,0,0
Jos Buttler,2018,13,3,548,95*,54.8,353,155.24,0,5,52,21,9,1,13,0,0,0,0,0,0,0,0,0
Jos Buttler,2017,10,0,272,77,27.2,177,153.67,0,1,27,15,1,0,10,0,0,0,0,0,0,0,0,0
Jos Buttler,2016,14,3,255,41,23.18,184,138.58,0,0,23,11,7,0,14,0,0,0,0,0,0,0,0,0
Josh Hazlewood,2025,12,1,0,0*,0,1,0,0,0,0,0,1,0,12,264,386,22,Apr-33,17.55,8.77,12,1,0
Josh Hazlewood,2023,3,1,1,1*,0,2,50,0,0,0,0,0,0,3,54,76,3,Feb-15,25.33,8.44,18,0,0
Josh Hazlewood,2022,12,5,18,7*,0,26,69.23,0,0,1,0,1,0,12,279,377,20,Apr-25,18.85,8.11,13.95,1,0
Josh Hazlewood,2021,9,0,0,0,0,0,0,0,0,0,0,1,0,9,210,293,11,Mar-24,26.63,8.37,19.09,0,0
Josh Hazlewood,2020,3,0,0,0,0,0,0,0,0,0,0,0,0,3,60,64,1,Jan-19,64,6.4,60,0,0
Josh Inglis,2025,11,2,278,73,30.89,171,162.57,0,1,26,16,9,1,11,0,0,0,0,0,0,0,0,0
KL Rahul,2025,13,3,539,112*,53.9,360,149.72,1,3,52,21,3,0,13,0,0,0,0,0,0,0,0,0
KL Rahul,2024,14,0,520,82,37.14,382,136.13,0,4,45,19,15,2,14,0,0,0,0,0,0,0,0,0
KL Rahul,2023,9,1,274,74,34.25,242,113.22,0,2,28,4,4,0,9,0,0,0,0,0,0,0,0,0
KL Rahul,2022,15,3,616,103*,51.33,455,135.38,2,4,45,30,9,0,15,0,0,0,0,0,0,0,0,0
KL Rahul,2021,13,3,626,98*,62.6,451,138.8,0,6,48,30,11,0,13,0,0,0,0,0,0,0,0,0
KL Rahul,2020,14,2,670,132*,55.83,518,129.34,1,5,58,23,10,0,14,0,0,0,0,0,0,0,0,0
KL Rahul,2019,14,3,593,100*,53.9,438,135.38,1,6,49,25,7,0,14,0,0,0,0,0,0,0,0,0
KL Rahul,2018,14,2,659,95*,54.91,416,158.41,0,6,66,32,10,1,14,0,0,0,0,0,0,0,0,0
KL Rahul,2016,14,3,397,68*,44.11,271,146.49,0,4,37,16,5,4,14,0,0,0,0,0,0,0,0,0
KL Rahul,2015,9,3,142,44*,28.4,126,112.69,0,0,8,5,1,0,9,0,0,0,0,0,0,0,0,0
KL Rahul,2014,11,0,166,46,20.75,164,101.21,0,0,12,3,4,0,11,0,0,0,0,0,0,0,0,0
KL Rahul,2013,5,0,20,12,10,16,125,0,0,4,0,5,0,3,0,0,0,0,0,0,0,0,0
Kagiso Rabada,2025,4,1,9,7*,9,8,112.5,0,0,0,1,0,0,4,84,162,2,Jan-41,81,11.57,42,0,0
Kagiso Rabada,2024,11,2,20,11*,20,14,142.86,0,0,0,2,5,0,11,252,372,11,Feb-18,33.82,8.86,22.91,0,0
Kagiso Rabada,2023,6,1,0,0,0,2,0,0,0,0,0,0,0,6,138,232,7,Feb-34,33.14,10.09,19.71,0,0
Kagiso Rabada,2022,13,3,48,25,9.6,43,111.63,0,0,5,2,2,0,13,288,406,23,Apr-33,17.65,8.46,12.52,2,0
Kagiso Rabada,2021,15,2,13,9*,13,6,216.66,0,0,2,0,9,0,15,336,456,15,Mar-36,30.4,8.14,22.4,0,0
Kagiso Rabada,2020,17,4,56,15*,14,49,114.28,0,0,4,2,8,0,17,394,548,30,Apr-24,18.26,8.34,13.13,2,0
Kagiso Rabada,2019,12,1,14,9,4.66,15,93.33,0,0,0,1,6,0,12,282,368,25,Apr-21,14.72,7.82,11.28,2,0
Kagiso Rabada,2017,6,0,55,44,18.33,64,85.93,0,0,5,1,0,0,6,128,188,6,Feb-20,31.33,8.81,21.33,0,0
Kamindu Mendis,2025,5,2,92,32*,30.67,69,133.33,0,0,7,2,1,0,5,42,60,2,01-Apr,30,8.57,21,0,0
Kanishk Chouhan,No stats,No stats,No stats,No stats,No stats,No stats,No stats,No stats,No stats,No stats,No stats,No stats,No stats,No stats,No stats,No stats,No stats,No stats,No stats,No stats,No stats,No stats,No stats,No stats
Kartik Sharma,No stats,No stats,No stats,No stats,No stats,No stats,No stats,No stats,No stats,No stats,No stats,No stats,No stats,No stats,No stats,No stats,No stats,No stats,No stats,No stats,No stats,No stats,No stats,No stats
Kartik Tyagi,2024,1,0,0,0,0,0,0,0,0,0,0,0,0,0,0,0,0,0,0,0,0,0,0
Kartik Tyagi,2023,3,0,0,0,0,0,0,0,0,0,0,0,0,0,0,0,0,0,0,0,0,0,0
Kartik Tyagi,2022,2,0,7,7,3.5,6,116.67,0,0,1,0,0,0,0,0,0,0,0,0,0,0,0,0
Kartik Tyagi,2021,4,1,2,1*,2,4,50,0,0,0,0,1,0,4,84,124,4,Feb-29,31,8.85,21,0,0
Kartik Tyagi,2020,10,2,4,2*,4,6,66.66,0,0,0,0,2,0,10,229,367,9,Feb-36,40.77,9.61,25.44,0,0
Karun Nair,2025,8,0,198,89,24.75,115,172.17,0,1,24,10,2,0,8,0,0,0,0,0,0,0,0,0
Karun Nair,2022,3,0,16,13,8,18,88.89,0,0,1,0,1,0,3,0,0,0,0,0,0,0,0,0
Karun Nair,2020,4,1,16,15*,8,14,114.28,0,0,2,0,1,0,4,0,0,0,0,0,0,0,0,0
Karun Nair,2019,1,0,5,5,5,6,83.33,0,0,0,0,0,0,1,0,0,0,0,0,0,0,0,0
Karun Nair,2018,13,0,301,54,25.08,221,136.19,0,2,23,13,9,0,13,0,0,0,0,0,0,0,0,0
Karun Nair,2017,14,0,281,64,21.61,226,124.33,0,1,39,6,2,0,14,0,0,0,0,0,0,0,0,0
Karun Nair,2016,14,2,357,83*,35.7,297,120.2,0,3,40,6,3,0,14,0,0,0,0,0,0,0,0,0
Karun Nair,2015,14,1,181,61,16.45,145,124.82,0,1,18,5,3,0,14,0,0,0,0,0,0,0,0,0
Karun Nair,2014,11,1,330,73*,33,232,142.24,0,3,38,9,4,0,11,0,0,0,0,0,0,0,0,0
Karun Nair,2013,2,0,9,9,4.5,12,75,0,0,0,0,0,0,2,0,0,0,0,0,0,0,0,0
Khaleel Ahmed,2025,14,2,1,1*,0,2,50,0,0,0,0,1,0,14,280,447,15,Mar-29,29.8,9.58,18.67,0,0
Khaleel Ahmed,2024,14,0,0,0,0,0,0,0,0,0,0,1,0,14,300,479,17,Feb-21,28.18,9.58,17.65,0,0
Khaleel Ahmed,2023,9,0,0,0,0,0,0,0,0,0,0,2,0,9,198,301,9,Feb-24,33.44,9.12,22,0,0
Khaleel Ahmed,2022,10,0,0,0,0,2,0,0,0,0,0,0,0,10,235,315,16,Mar-25,19.69,8.04,14.69,0,0
Khaleel Ahmed,2021,7,0,1,1,1,2,50,0,0,0,0,0,0,7,162,219,5,Mar-21,43.8,8.11,32.4,0,0
Khaleel Ahmed,2020,7,0,0,0*,0,2,0,0,0,0,0,1,0,7,154,242,8,Feb-24,30.25,9.42,19.25,0,0
Khaleel Ahmed,2019,9,0,0,0*,0,1,0,0,0,0,0,0,0,9,209,287,19,Mar-30,15.1,8.23,11,0,0
Khaleel Ahmed,2018,1,0,0,0,0,0,0,0,0,0,0,0,0,1,18,38,0,0/38,0,12.66,0,0,0
Krains Fuletra,No stats,No stats,No stats,No stats,No stats,No stats,No stats,No stats,No stats,No stats,No stats,No stats,No stats,No stats,No stats,No stats,No stats,No stats,No stats,No stats,No stats,No stats,No stats,No stats
Krunal Pandya,2025,15,1,109,73*,18.17,86,126.74,0,1,9,4,6,0,15,276,379,17,Apr-45,22.29,8.24,16.24,1,0
Krunal Pandya,2024,14,8,133,43*,33.25,105,126.67,0,0,8,5,3,0,14,198,255,6,03-Nov,42.5,7.73,33,0,0
Krunal Pandya,2023,15,4,188,49,18.8,165,113.94,0,0,15,6,8,0,15,252,313,9,Mar-18,34.78,7.45,28,0,0
Krunal Pandya,2022,14,4,183,42,20.33,145,126.21,0,0,16,4,7,0,14,228,265,10,Mar-19,26.5,6.97,22.8,0,0
Krunal Pandya,2021,13,2,143,39,14.3,123,116.26,0,0,10,6,6,0,13,199,265,5,Jan-13,53,7.98,39.8,0,0
Krunal Pandya,2020,16,6,109,34,18.16,92,118.47,0,0,9,5,4,0,16,301,380,6,Feb-26,63.33,7.57,50.16,0,0
Krunal Pandya,2019,16,4,183,42,16.63,150,122,0,0,18,5,5,0,16,276,335,12,Mar-34,27.91,7.28,23,0,0
Krunal Pandya,2018,14,3,228,41*,22.8,157,145.22,0,0,22,10,9,0,14,241,284,12,Mar-28,23.66,7.07,20.08,0,0
Krunal Pandya,2017,13,4,243,47,34.71,179,135.75,0,0,24,7,2,0,13,240,273,10,Mar-14,27.3,6.82,24,0,0
Krunal Pandya,2016,12,3,237,86,39.5,124,191.12,0,1,22,13,2,0,12,187,236,6,Feb-15,39.33,7.57,31.16,0,0
Kuldeep Sen,2024,3,0,0,0,0,0,0,0,0,0,0,1,0,3,72,122,6,Mar-41,20.33,10.17,12,0,0
Kuldeep Sen,2023,2,0,0,0,0,0,0,0,0,0,0,0,0,2,18,28,0,0/8,0,9.33,0,0,0
Kuldeep Sen,2022,7,1,0,0*,0,3,0,0,0,0,0,3,0,7,151,237,8,Apr-20,29.63,9.42,18.88,1,0
Kuldeep Yadav,2025,14,2,18,7,6,16,112.5,0,0,2,0,0,0,14,306,361,15,Mar-22,24.07,7.08,20.4,0,0
Kuldeep Yadav,2024,11,2,47,35*,15.67,41,114.63,0,0,6,1,2,0,11,258,374,16,Apr-55,23.38,8.7,16.13,1,0
Kuldeep Yadav,2023,14,8,31,10*,15.5,48,64.58,0,0,2,0,2,0,14,294,361,10,Feb-15,36.1,7.37,29.4,0,0
Kuldeep Yadav,2022,14,6,48,16*,48,52,92.31,0,0,3,2,5,0,14,298,419,21,Apr-14,19.95,8.44,14.19,2,0
Kuldeep Yadav,2020,5,1,13,12,13,21,61.9,0,0,1,0,0,0,5,72,92,1,Jan-20,92,7.66,72,0,0
Kuldeep Yadav,2019,9,2,12,10*,6,8,150,0,0,1,0,3,0,9,198,286,4,Feb-41,71.5,8.66,49.5,0,0
Kuldeep Yadav,2018,16,2,12,7*,12,24,50,0,0,1,0,6,0,16,308,418,17,Apr-20,24.58,8.14,18.11,1,0
Kuldeep Yadav,2017,12,0,20,16,10,22,90.9,0,0,2,0,1,0,12,246,340,12,Feb-25,28.33,8.29,20.5,0,0
Kuldeep Yadav,2016,3,0,0,0,0,0,0,0,0,0,0,1,0,3,72,100,6,Mar-35,16.66,8.33,12,0,0
Kumar Kushagra,2024,4,0,3,2,1,7,42.86,0,0,0,0,1,0,4,0,0,0,0,0,0,0,0,0
Kwena Maphaka,2025,2,1,8,8*,0,2,400,0,0,2,0,2,0,2,30,54,1,Jan-32,54,10.8,30,0,0
Kwena Maphaka,2024,2,0,0,0,0,0,0,0,0,0,0,0,0,2,36,89,1,Jan-23,89,14.83,36,0,0
Kyle Jamieson,2025,4,2,0,0*,0,5,0,0,0,0,0,0,0,4,90,147,5,Mar-48,29.4,9.8,18,0,0
Kyle Jamieson,2021,9,3,65,16*,16.25,55,118.18,0,0,5,3,2,0,9,168,269,9,Mar-41,29.88,9.6,18.66,0,0
Lhuan-dre Pretorius,2025,1,0,0,0,0,0,0,0,0,0,0,0,0,1,0,0,0,0,0,0,0,0,0
Liam Livingstone,2025,10,1,112,54,16,84,133.33,0,1,4,9,4,0,10,54,76,2,Feb-28,38,8.44,27,0,0
Liam Livingstone,2024,7,2,111,38*,22.2,78,142.31,0,0,8,7,1,0,7,72,84,3,Feb-19,28,7,24,0,0
Liam Livingstone,2023,9,1,279,94,34.88,171,163.16,0,2,20,19,4,0,9,42,94,2,Jan-19,47,13.43,21,0,0
Liam Livingstone,2022,14,2,437,70,36.42,240,182.08,0,4,29,34,6,0,14,138,202,6,Mar-27,33.67,8.78,23,0,0
Liam Livingstone,2021,5,0,42,25,8.4,41,102.43,0,0,3,1,3,0,5,0,0,0,0,0,0,0,0,0
Liam Livingstone,2019,4,1,70,44,23.33,48,145.83,0,0,6,5,4,0,4,6,13,0,0/13,0,13,0,0,0
Lockie Ferguson,2025,4,1,4,4*,0,1,400,0,0,1,0,0,0,4,68,104,5,Feb-37,20.8,9.18,13.6,0,0
Lockie Ferguson,2024,7,0,1,1,1,1,100,0,0,0,0,4,0,7,144,255,9,Feb-23,28.33,10.63,16,0,0
Lockie Ferguson,2023,3,0,0,0,0,0,0,0,0,0,0,0,0,3,46,96,1,Jan-19,96,12.52,46,0,0
Lockie Ferguson,2022,13,1,5,5,2.5,4,125,0,0,1,0,2,0,13,286,427,12,Apr-28,35.58,8.96,23.83,1,0
Lockie Ferguson,2021,8,3,18,18*,0,11,163.63,0,0,1,1,3,0,8,180,224,13,Mar-18,17.23,7.46,13.84,0,0
Lockie Ferguson,2020,5,2,43,24*,0,29,148.27,0,0,4,1,0,0,5,119,148,6,Mar-15,24.66,7.46,19.83,0,0
Lockie Ferguson,2019,5,0,0,0,0,0,0,0,0,0,0,0,0,5,102,183,2,Jan-38,91.5,10.76,51,0,0
Lockie Ferguson,2017,4,1,1,1*,0,1,100,0,0,0,0,0,0,4,78,93,3,02-Jul,31,7.15,26,0,0
Luke Wood,No stats,0,0,0,0,0,0,0,0,0,0,0,0,0,No stats,No stats,No stats,No stats,No stats,No stats,No stats,No stats,No stats,No stats
Luke Wood,2024,2,1,9,9*,0,3,300,0,0,0,1,0,0,0,0,0,0,0,0,0,0,0,0
Lungisani Ngidi,2025,2,1,0,0*,0,2,0,0,0,0,0,0,0,2,48,81,4,Mar-30,20.25,10.13,12,0,0
Lungisani Ngidi,2021,3,0,0,0,0,0,0,0,0,0,0,1,0,3,72,125,5,0,25,10.41,14.4,0,0
Lungisani Ngidi,2020,4,0,0,0,0,0,0,0,0,0,0,0,0,4,96,167,9,0,18.55,10.43,10.66,0,0
Lungisani Ngidi,2018,7,0,0,0,0,0,0,0,0,0,0,1,0,7,156,156,11,04-Oct,14.18,6,14.18,1,0
M. Siddharth,2025,2,0,0,0,0,0,0,0,0,0,0,1,0,2,42,67,2,Feb-39,33.5,9.57,21,0,0
M. Siddharth,2024,3,0,0,0,0,0,0,0,0,0,0,0,0,3,54,71,1,Jan-21,71,7.89,54,0,0
MS Dhoni,2025,14,5,196,30*,24.5,145,135.17,0,0,12,12,6,5,14,0,0,0,0,0,0,0,0,0
MS Dhoni,2024,14,8,161,37*,53.67,73,220.55,0,0,14,13,10,0,14,0,0,0,0,0,0,0,0,0
MS Dhoni,2023,16,8,104,32*,26,57,182.46,0,0,3,10,7,3,16,0,0,0,0,0,0,0,0,0
MS Dhoni,2022,14,6,232,50*,33.14,188,123.4,0,1,21,10,9,0,14,0,0,0,0,0,0,0,0,0
MS Dhoni,2021,16,4,114,18*,16.28,107,106.54,0,0,12,3,13,0,16,0,0,0,0,0,0,0,0,0
MS Dhoni,2020,14,4,200,47*,25,172,116.27,0,0,16,7,15,1,14,0,0,0,0,0,0,0,0,0
MS Dhoni,2019,15,7,416,84*,83.2,309,134.62,0,3,22,23,11,5,15,0,0,0,0,0,0,0,0,0
MS Dhoni,2018,16,9,455,79*,75.83,302,150.66,0,3,24,30,11,3,16,0,0,0,0,0,0,0,0,0
MS Dhoni,2017,16,4,290,61*,26.36,250,116,0,1,15,16,10,3,16,0,0,0,0,0,0,0,0,0
MS Dhoni,2016,14,5,284,64*,40.57,210,135.23,0,1,18,14,8,4,14,0,0,0,0,0,0,0,0,0
MS Dhoni,2015,17,5,372,53,31,305,121.96,0,1,27,17,8,3,17,0,0,0,0,0,0,0,0,0
MS Dhoni,2014,16,10,371,57*,74.2,250,148.4,0,1,22,20,3,1,16,0,0,0,0,0,0,0,0,0
MS Dhoni,2013,18,5,461,67*,41.9,283,162.89,0,4,32,25,15,2,18,0,0,0,0,0,0,0,0,0
MS Dhoni,2012,19,5,358,51*,29.83,278,128.77,0,1,26,9,12,2,19,0,0,0,0,0,0,0,0,0
MS Dhoni,2011,16,4,392,70*,43.55,247,158.7,0,2,25,23,5,5,16,0,0,0,0,0,0,0,0,0
MS Dhoni,2010,13,2,287,66*,31.88,210,136.66,0,2,26,8,5,6,13,0,0,0,0,0,0,0,0,0
MS Dhoni,2009,14,5,332,58*,41.5,261,127.2,0,2,22,9,4,4,14,0,0,0,0,0,0,0,0,0
MS Dhoni,2008,16,4,414,65,41.4,310,133.54,0,2,38,15,6,0,16,0,0,0,0,0,0,0,0,0
Madhav Tiwari,2025,1,0,3,3,3,4,75,0,0,0,0,2,0,1,0,0,0,0,0,0,0,0,0
Manav Suthar,2024,1,0,1,1,1,2,50,0,0,0,0,0,0,1,12,26,0,0/26,0,13,0,0,0
Mangesh Yadav,No stats,No stats,No stats,No stats,No stats,No stats,No stats,No stats,No stats,No stats,No stats,No stats,No stats,No stats,No stats,No stats,No stats,No stats,No stats,No stats,No stats,No stats,No stats,No stats
Manish Pandey,2025,3,1,92,37,46,65,141.54,0,0,5,5,0,0,3,0,0,0,0,0,0,0,0,0
Manish Pandey,2024,1,0,42,42,42,31,135.48,0,0,2,2,4,0,1,0,0,0,0,0,0,0,0,0
Manish Pandey,2023,10,0,160,50,17.78,146,109.59,0,1,15,3,3,0,10,0,0,0,0,0,0,0,0,0
Manish Pandey,2022,6,0,88,38,14.67,80,110,0,0,9,2,3,0,6,0,0,0,0,0,0,0,0,0
Manish Pandey,2021,8,2,292,69*,48.66,236,123.72,0,3,21,10,5,0,8,0,0,0,0,0,0,0,0,0
Manish Pandey,2020,16,2,425,83*,32.69,333,127.62,0,3,35,18,7,0,16,0,0,0,0,0,0,0,0,0
Manish Pandey,2019,12,3,344,83*,43,263,130.79,0,3,34,6,7,0,12,0,0,0,0,0,0,0,0,0
Manish Pandey,2018,15,2,284,62*,25.81,246,115.44,0,3,22,5,9,0,15,0,0,0,0,0,0,0,0,0
Manish Pandey,2017,14,5,396,81*,49.5,308,128.57,0,2,28,12,8,0,14,0,0,0,0,0,0,0,0,0
Manish Pandey,2016,12,3,248,52,31,183,135.51,0,2,17,9,7,0,12,0,0,0,0,0,0,0,0,0
Manish Pandey,2015,13,1,225,40,20.45,184,122.28,0,0,22,7,5,0,13,0,0,0,0,0,0,0,0,0
Manish Pandey,2014,16,3,401,94,30.84,340,117.94,0,2,35,10,3,0,16,0,0,0,0,0,0,0,0,0
Manish Pandey,2013,7,1,136,66,22.66,137,99.27,0,1,11,3,6,0,7,0,0,0,0,0,0,0,0,0
Manish Pandey,2012,10,2,143,80*,20.42,112,127.67,0,1,12,6,3,0,10,0,0,0,0,0,0,0,0,0
Manish Pandey,2011,10,0,246,59,27.33,227,108.37,0,1,28,6,5,0,10,0,0,0,0,0,0,0,0,0
Manish Pandey,2010,13,1,249,42*,20.75,226,110.17,0,0,27,7,7,0,13,0,0,0,0,0,0,0,0,0
Manish Pandey,2009,5,2,168,114*,84,118,142.37,1,0,17,4,4,0,5,0,0,0,0,0,0,0,0,0
Manish Pandey,2008,3,0,3,3,1.5,9,33.33,0,0,0,0,0,0,3,0,0,0,0,0,0,0,0,0
Marco Jansen,2025,14,4,75,34*,18.75,63,119.05,0,0,3,4,8,0,14,283,434,16,Mar-17,27.13,9.2,17.69,0,0
Marco Jansen,2024,3,1,18,17,18,13,138.46,0,0,1,1,6,0,3,60,129,1,Jan-45,129,12.9,60,0,0
Marco Jansen,2023,8,3,39,17*,13,43,90.7,0,0,4,0,3,0,8,162,267,10,Feb-16,26.7,9.89,16.2,0,0
Marco Jansen,2022,8,2,9,8*,9,7,128.57,0,0,0,1,3,0,8,192,274,7,Mar-25,39.14,8.56,27.43,0,0
Marco Jansen,2021,2,0,0,0*,0,3,0,0,0,0,0,1,0,2,36,45,2,Feb-28,22.5,7.5,18,0,0
Marcus Stoinis,2025,13,5,160,44*,26.67,86,186.05,0,0,8,15,1,0,13,85,175,1,Jan-14,175,12.35,85,0,0
Marcus Stoinis,2024,14,2,388,124*,32.33,263,147.53,1,2,39,16,4,0,14,84,126,4,01-Mar,31.5,9,21,0,0
Marcus Stoinis,2023,15,2,408,89*,31.38,272,150,0,3,28,27,4,0,15,65,100,5,Feb-20,20,9.23,13,0,0
Marcus Stoinis,2022,11,2,156,38*,19.5,106,147.17,0,0,7,13,4,0,11,42,79,4,Mar-23,19.75,11.29,10.5,0,0
Marcus Stoinis,2021,10,3,89,27*,22.25,72,123.61,0,0,11,1,2,0,10,67,117,2,01-Jul,58.5,10.47,33.5,0,0
Marcus Stoinis,2020,17,3,352,65,25.14,237,148.52,0,3,31,16,3,0,17,178,283,13,Mar-26,21.76,9.53,13.69,0,0
Marcus Stoinis,2019,10,6,211,46*,52.75,156,135.25,0,0,14,10,2,0,10,100,145,2,Jan-13,72.5,8.7,50,0,0
Marcus Stoinis,2018,7,3,99,29*,24.75,76,130.26,0,0,6,4,2,0,7,66,120,3,Jan-15,40,10.9,22,0,0
Marcus Stoinis,2017,5,0,17,9,5.66,24,70.83,0,0,1,0,3,0,5,63,110,2,Jan-28,55,10.47,31.5,0,0
Marcus Stoinis,2016,7,1,146,52,36.5,108,135.18,0,1,13,4,0,0,7,138,194,8,Apr-15,24.25,8.43,17.25,1,0
Matheesha Pathirana,2025,12,0,0,0,0,0,0,0,0,0,0,3,0,12,251,424,13,Mar-36,32.62,10.14,19.31,0,0
Matheesha Pathirana,2024,6,0,0,0,0,0,0,0,0,0,0,1,0,6,132,169,13,Apr-28,13,7.68,10.15,1,0
Matheesha Pathirana,2023,12,0,0,0,0,0,0,0,0,0,0,4,0,12,278,371,19,Mar-15,19.53,8.01,14.63,0,0
Matheesha Pathirana,2022,2,0,0,0,0,0,0,0,0,0,0,1,0,2,41,52,2,Feb-24,26,7.61,20.5,0,0
Matt Henry,2024,4,0,0,0,0,0,0,0,0,0,0,0,0,0,0,0,0,0,0,0,0,0,0
Matt Henry,2017,0,0,0,0,0,0,0,0,0,0,0,0,0,2,30,71,1,Jan-31,71,14.2,30,0,0
Matthew Breetzke,2025,1,0,14,14,14,12,116.67,0,0,1,1,0,0,1,0,0,0,0,0,0,0,0,0
Matthew William Short,No stats,No stats,No stats,No stats,No stats,No stats,No stats,No stats,No stats,No stats,No stats,No stats,No stats,No stats,No stats,No stats,No stats,No stats,No stats,No stats,No stats,No stats,No stats,No stats
Mayank Markande,2024,7,0,0,0,0,0,0,0,0,0,0,2,0,7,132,259,8,Feb-26,32.38,11.77,16.5,0,0
Mayank Markande,2023,10,3,21,18*,0,13,161.54,0,0,2,1,1,0,10,228,300,12,Apr-15,25,7.89,19,1,0
Mayank Markande,2022,2,0,0,0,0,0,0,0,0,0,0,2,0,2,42,57,1,Jan-26,57,8.14,42,0,0
Mayank Markande,2021,1,0,0,0,0,0,0,0,0,0,0,0,0,1,18,26,0,0/26,0,8.66,0,0,0
Mayank Markande,2019,3,1,6,6,6,5,120,0,0,1,0,0,0,3,36,59,1,Jan-23,59,9.83,36,0,0
Mayank Markande,2018,14,4,21,7*,10.5,24,87.5,0,0,2,0,3,0,14,264,368,15,Apr-23,24.53,8.36,17.6,1,0
Mayank Rawat,No stats,No stats,No stats,No stats,No stats,No stats,No stats,No stats,No stats,No stats,No stats,No stats,No stats,No stats,No stats,No stats,No stats,No stats,No stats,No stats,No stats,No stats,No stats,No stats
Mayank Yadav,2025,2,0,0,0,0,0,0,0,0,0,0,2,0,2,48,100,2,Feb-40,50,12.5,24,0,0
Mayank Yadav,2024,4,0,0,0,0,0,0,0,0,0,0,1,0,4,73,85,7,Mar-14,12.14,6.99,10.43,0,0
Mitch Owen,2025,1,0,0,0,0,2,0,0,0,0,0,2,0,1,0,0,0,0,0,0,0,0,0
Mitchell Marsh,2025,13,0,627,117,48.23,383,163.71,1,6,56,37,1,0,13,0,0,0,0,0,0,0,0,0
Mitchell Marsh,2024,4,0,61,23,15.25,38,160.53,0,0,9,3,0,0,4,48,103,1,Jan-37,103,12.88,48,0,0
Mitchell Marsh,2023,9,0,128,63,14.22,97,131.96,0,1,11,7,3,0,9,121,170,12,Apr-27,14.17,8.43,10.08,1,0
Mitchell Marsh,2022,8,0,251,89,31.38,189,132.8,0,2,19,14,0,0,8,72,102,4,Feb-25,25.5,8.5,18,0,0
Mitchell Marsh,2020,1,0,0,0*,0,1,0,0,0,0,0,0,0,1,4,6,0,0/6,0,9,0,0,0
Mitchell Marsh,2016,3,0,7,7,7,11,63.63,0,0,0,0,0,0,3,54,45,4,Feb-14,11.25,5,13.5,0,0
Mitchell Marsh,2013,9,1,141,38,20.14,106,132.07,0,0,6,10,7,0,9,116,182,7,02-Jul,26,9.41,16.57,0,0
Mitchell Marsh,2011,5,1,50,37,25,49,102.04,0,0,2,3,0,0,5,85,99,7,Apr-25,14.14,6.98,12.14,1,0
Mitchell Marsh,2010,3,0,28,15,14,30,93.33,0,0,1,1,0,0,3,60,88,2,Jan-19,44,8.8,30,0,0
Mitchell Santner,2025,13,6,40,18*,20,33,121.21,0,0,2,3,8,0,13,237,313,10,03-Nov,31.3,7.92,23.7,0,0
Mitchell Santner,2024,3,0,14,11,4.67,17,82.35,0,0,1,0,1,0,3,54,64,2,01-Oct,32,7.11,27,0,0
Mitchell Santner,2023,3,2,2,1*,0,4,50,0,0,0,0,1,0,3,72,81,3,Feb-28,27,6.75,24,0,0
Mitchell Santner,2022,6,2,22,11,11,27,81.48,0,0,3,0,2,0,6,114,130,4,Jan-15,32.5,6.84,28.5,0,0
Mitchell Santner,2020,2,0,0,0,0,0,0,0,0,0,0,1,0,2,42,53,2,Jan-23,26.5,7.57,21,0,0
Mitchell Santner,2019,4,1,32,22,32,23,139.13,0,0,0,3,1,0,4,84,94,4,Feb-13,23.5,6.71,21,0,0
Mitchell Starc,2025,11,4,6,2,3,10,60,0,0,0,0,7,0,11,216,366,14,May-35,26.14,10.17,15.43,0,1
Mitchell Starc,2024,14,3,9,6*,4.5,11,81.82,0,0,1,0,6,0,14,251,444,17,Apr-33,26.12,10.61,14.76,1,0
Mitchell Starc,2015,13,2,11,9*,11,14,78.57,0,0,1,0,7,0,13,258,291,20,Apr-15,14.55,6.76,12.9,1,0
Mitchell Starc,2014,14,3,85,29,14.16,84,101.19,0,0,9,0,9,0,14,322,402,14,Feb-21,28.71,7.49,23,0,0
Mohammad Izhar,No stats,No stats,No stats,No stats,No stats,No stats,No stats,No stats,No stats,No stats,No stats,No stats,No stats,No stats,No stats,No stats,No stats,No stats,No stats,No stats,No stats,No stats,No stats,No stats
Mohammad Shami,2025,9,3,10,6*,10,10,100,0,0,1,0,2,0,9,180,337,6,Feb-28,56.17,11.23,30,0,0
Mohammad Shami,2023,17,0,5,5,2.5,6,83.33,0,0,1,0,5,0,17,390,522,28,04-Nov,18.64,8.03,13.93,2,0
Mohammad Shami,2022,16,0,0,0,0,0,0,0,0,0,0,3,0,16,366,488,20,Mar-25,24.4,8,18.3,0,0
Mohammad Shami,2021,14,3,13,9*,13,17,76.47,0,0,0,0,1,0,14,316,395,19,Mar-21,20.78,7.5,16.63,0,0
Mohammad Shami,2020,14,2,2,2*,2,3,66.66,0,0,0,0,2,0,14,322,460,20,Mar-15,23,8.57,16.1,0,0
Mohammad Shami,2019,14,1,1,1*,1,2,50,0,0,0,0,5,0,14,324,469,19,Mar-21,24.68,8.68,17.05,0,0
Mohammad Shami,2018,4,0,7,7,7,6,116.66,0,0,1,0,2,0,4,83,144,3,Jan-29,48,10.4,27.66,0,0
Mohammad Shami,2017,8,2,36,21,9,24,150,0,0,4,2,0,0,8,156,243,5,Feb-36,48.6,9.34,31.2,0,0
Mohammad Shami,2016,8,2,2,2*,0,4,50,0,0,0,0,1,0,8,151,244,5,Feb-34,48.8,9.69,30.2,0,0
Mohammad Shami,2014,12,2,3,1*,1.5,7,42.85,0,0,0,0,0,0,12,264,369,7,Jan-22,52.71,8.38,37.71,0,0
Mohammad Shami,2013,3,0,5,5,5,10,50,0,0,0,0,0,0,3,54,78,1,Jan-32,78,8.66,54,0,0
Mohammed Siraj,2025,15,1,3,3*,0,4,75,0,0,0,0,5,0,15,342,527,16,Apr-17,32.94,9.25,21.38,1,0
Mohammed Siraj,2024,14,1,12,12,6,8,150,0,0,0,2,3,0,14,324,496,15,Mar-43,33.07,9.19,21.6,0,0
Mohammed Siraj,2023,14,1,1,1*,1,2,50,0,0,0,0,4,0,14,300,376,19,Apr-21,19.79,7.52,15.79,1,0
Mohammed Siraj,2022,15,3,30,14*,15,33,90.91,0,0,5,0,6,0,15,306,514,9,Feb-30,57.11,10.08,34,0,0
Mohammed Siraj,2021,15,3,20,12*,20,26,76.92,0,0,1,1,4,0,15,312,353,11,Mar-27,32.09,6.78,28.36,0,0
Mohammed Siraj,2020,9,2,17,10*,17,14,121.42,0,0,2,0,4,0,9,163,236,11,03-Aug,21.45,8.68,14.81,0,0
Mohammed Siraj,2019,9,3,4,3*,4,14,28.57,0,0,0,0,2,0,9,169,269,7,Feb-38,38.42,9.55,24.14,0,0
Mohammed Siraj,2018,11,2,25,14,12.5,22,113.63,0,0,2,1,5,0,11,246,367,11,Mar-25,33.36,8.95,22.36,0,0
Mohammed Siraj,2017,6,0,0,0,0,0,0,0,0,0,0,1,0,6,138,212,10,Apr-32,21.2,9.21,13.8,1,0
Mohd. Arshad Khan,2025,9,3,23,20,11.5,19,121.05,0,0,0,3,4,0,9,126,217,6,01-Jul,36.17,10.33,21,0,0
Mohd. Arshad Khan,2024,4,2,83,58*,41.5,54,153.7,0,1,6,5,1,0,4,61,114,1,Jan-45,114,11.21,61,0,0
Mohd. Arshad Khan,2023,6,1,18,15*,9,15,120,0,0,0,1,2,0,6,85,190,5,Mar-39,38,13.41,17,0,0
Mohsin Khan,2024,10,0,2,2,2,1,200,0,0,0,0,1,0,10,228,385,10,Feb-29,38.5,10.13,22.8,0,0
Mohsin Khan,2023,5,0,0,0,0,7,0,0,0,0,0,0,0,5,60,107,3,Jan-24,35.67,10.7,20,0,0
Mohsin Khan,2022,9,2,23,13*,23,16,143.75,0,0,2,1,1,0,9,198,197,14,Apr-16,14.07,5.97,14.14,1,0
Mukesh Choudhary,2025,2,0,0,0,0,0,0,0,0,0,0,0,0,2,36,71,1,Jan-21,71,11.83,36,0,0
Mukesh Choudhary,2024,1,0,0,0,0,0,0,0,0,0,0,0,0,1,6,27,0,0/27,0,27,0,0,0
Mukesh Choudhary,2022,13,1,6,4,6,6,100,0,0,1,0,3,0,13,273,424,16,Apr-46,26.5,9.32,17.06,1,0
Mukesh Kumar,2025,12,0,0,0,0,0,0,0,0,0,0,3,0,12,237,408,12,Apr-33,34,10.33,19.75,1,0
Mukesh Kumar,2024,10,1,3,3,3,9,33.33,0,0,0,0,3,0,10,213,368,17,Mar-14,21.65,10.37,12.53,0,0
Mukesh Kumar,2023,10,3,7,6*,0,9,77.78,0,0,0,0,3,0,10,186,326,7,Feb-30,46.57,10.52,26.57,0,0
Mukul Choudhary,No stats,No stats,No stats,No stats,No stats,No stats,No stats,No stats,No stats,No stats,No stats,No stats,No stats,No stats,No stats,No stats,No stats,No stats,No stats,No stats,No stats,No stats,No stats,No stats
Musheer Khan,2025,1,0,0,0,0,3,0,0,0,0,0,0,0,1,12,27,1,Jan-27,27,13.5,12,0,0
N. Tilak Varma,2025,16,2,343,59,31.18,248,138.31,0,2,23,16,9,0,16,0,0,0,0,0,0,0,0,0
N. Tilak Varma,2024,13,3,416,65,41.6,278,149.64,0,3,35,19,9,0,13,4,8,0,0/8,0,12,0,0,0
N. Tilak Varma,2023,11,3,343,84*,42.88,209,164.11,0,1,26,23,4,0,11,6,7,0,0/7,0,7,0,0,0
N. Tilak Varma,2022,14,3,397,61,36.09,303,131.02,0,2,29,16,10,0,14,12,13,0,0/6,0,6.5,0,0,0
Naman Dhir,2025,16,4,252,46,31.5,138,182.61,0,0,24,13,12,0,16,24,21,0,0/9,0,5.25,0,0,0
Naman Dhir,2024,7,1,140,62*,23.33,79,177.22,0,1,12,10,3,0,7,28,55,0,0/13,0,11.79,0,0,0
Naman Tiwari,No stats,No stats,No stats,No stats,No stats,No stats,No stats,No stats,No stats,No stats,No stats,No stats,No stats,No stats,No stats,No stats,No stats,No stats,No stats,No stats,No stats,No stats,No stats,No stats
Nandre Burger,2024,6,0,0,0,0,0,0,0,0,0,0,2,0,6,102,145,7,Feb-29,20.71,8.53,14.57,0,0
Nathan Ellis,2025,1,0,0,0,0,0,0,0,0,0,0,0,0,1,24,38,1,Jan-38,38,9.5,24,0,0
Nathan Ellis,2024,1,0,0,0,0,0,0,0,0,0,0,0,0,1,24,24,1,Jan-24,24,6,24,0,0
Nathan Ellis,2023,10,0,1,1,0.5,7,14.29,0,0,0,0,2,0,10,228,339,13,Apr-30,26.08,8.92,17.54,1,0
Nathan Ellis,2022,2,0,0,0,0,2,0,0,0,0,0,1,0,2,36,55,3,Mar-40,18.33,9.17,12,0,0
Nathan Ellis,2021,3,1,18,12,18,16,112.5,0,0,0,1,0,0,3,72,98,1,01-Dec,98,8.16,72,0,0
Nehal Wadhera,2025,16,3,369,70,30.75,253,145.85,0,2,28,21,6,0,16,5,9,0,0/9,0,10.8,0,0,0
Nehal Wadhera,2024,6,0,109,49,18.17,84,129.76,0,0,9,6,2,0,6,12,13,0,0/13,0,6.5,0,0,0
Nehal Wadhera,2023,14,1,241,64,26.78,166,145.18,0,2,23,12,4,0,14,0,0,0,0,0,0,0,0,0
Nicholas Pooran,2025,14,2,524,87*,43.67,267,196.25,0,5,45,40,8,0,14,0,0,0,0,0,0,0,0,0
Nicholas Pooran,2024,14,6,499,75,62.38,280,178.21,0,3,35,36,7,0,14,0,0,0,0,0,0,0,0,0
Nicholas Pooran,2023,15,3,358,62,29.83,207,172.95,0,2,26,26,6,3,15,0,0,0,0,0,0,0,0,0
Nicholas Pooran,2022,14,5,306,64*,38.25,212,144.34,0,2,16,21,8,1,14,0,0,0,0,0,0,0,0,0
Nicholas Pooran,2021,12,0,85,32,7.72,76,111.84,0,0,3,5,3,0,12,0,0,0,0,0,0,0,0,0
Nicholas Pooran,2020,14,4,353,77,35.3,208,169.71,0,2,23,25,7,0,14,0,0,0,0,0,0,0,0,0
Nicholas Pooran,2019,7,0,168,48,28,107,157,0,0,10,14,1,0,7,0,0,0,0,0,0,0,0,0
Nishant Sindhu,No stats,No stats,No stats,No stats,No stats,No stats,No stats,No stats,No stats,No stats,No stats,No stats,No stats,No stats,No stats,No stats,No stats,No stats,No stats,No stats,No stats,No stats,No stats,No stats
Nitish Kumar Reddy,2025,13,3,182,32,22.75,153,118.95,0,0,16,4,6,0,13,30,47,2,Jan-13,23.5,9.4,15,0,0
Nitish Kumar Reddy,2024,13,2,303,76*,33.67,212,142.92,0,2,15,21,5,0,13,79,153,3,Feb-17,51,11.62,26.33,0,0
Nitish Kumar Reddy,2023,2,0,0,0,0,0,0,0,0,0,0,1,0,2,30,54,0,0/19,0,10.8,0,0,0
Nitish Rana,2025,11,1,217,81,21.7,134,161.94,0,2,27,9,2,0,11,12,18,0,0/9,0,9,0,0,0
Nitish Rana,2024,2,0,42,33,21,34,123.53,0,0,5,1,0,0,2,0,0,0,0,0,0,0,0,0
Nitish Rana,2023,14,1,413,75,31.77,293,140.96,0,3,39,20,3,0,14,53,75,3,Feb-17,25,8.49,17.67,0,0
Nitish Rana,2022,14,1,361,57,27.77,251,143.82,0,2,29,22,6,0,14,12,23,0,0/9,0,11.5,0,0,0
Nitish Rana,2021,17,3,383,80,29.46,314,121.97,0,2,34,17,4,0,17,12,12,0,0/5,0,6,0,0,0
Nitish Rana,2020,14,0,352,87,25.14,254,138.58,0,3,43,12,2,0,14,12,23,0,0/7,0,11.5,0,0,0
Nitish Rana,2019,14,1,344,85*,34.4,235,146.38,0,3,27,21,3,0,14,48,72,3,01-Aug,24,9,16,0,0
Nitish Rana,2018,15,2,304,59,23.38,232,131.03,0,1,26,14,2,0,15,37,44,4,02-Nov,11,7.13,9.25,0,0
Nitish Rana,2017,13,1,333,62*,30.27,264,126.13,0,3,24,17,4,0,13,0,0,0,0,0,0,0,0,0
Nitish Rana,2016,4,0,104,70,34.66,75,138.66,0,1,7,8,0,0,4,6,3,0,0/3,0,3,0,0,0
Noor Ahmad,2025,14,2,7,2,1.75,17,41.18,0,0,0,0,2,0,14,300,408,24,Apr-18,17,8.16,12.5,2,0
Noor Ahmad,2024,10,2,5,4,2.5,9,55.56,0,0,1,0,5,0,10,209,290,8,Feb-20,36.25,8.33,26.13,0,0
Noor Ahmad,2023,13,1,8,7*,4,9,88.89,0,0,1,0,2,0,13,283,369,16,Mar-37,23.06,7.82,17.69,0,0
Nuwan Thushara,2025,1,0,0,0,0,0,0,0,0,0,0,0,0,1,24,26,1,Jan-26,26,6.5,24,0,0
Nuwan Thushara,2024,7,0,0,0,0,0,0,0,0,0,0,1,0,7,156,257,8,Mar-28,32.13,9.88,19.5,0,0
Onkar Tarmale,No stats,No stats,No stats,No stats,No stats,No stats,No stats,No stats,No stats,No stats,No stats,No stats,No stats,No stats,No stats,No stats,No stats,No stats,No stats,No stats,No stats,No stats,No stats,No stats
Pat Cummins,2025,14,5,97,22*,24.25,58,167.24,0,0,6,7,5,0,14,298,450,16,Mar-19,28.13,9.06,18.63,0,0
Pat Cummins,2024,16,4,136,35*,22.67,95,143.16,0,0,9,8,7,0,16,366,566,18,Mar-43,31.44,9.28,20.33,0,0
Pat Cummins,2022,5,1,63,56*,15.75,24,262.5,0,1,5,6,1,0,5,119,212,7,Mar-22,30.29,10.69,17,0,0
Pat Cummins,2021,7,2,93,66*,31,56,166.07,0,1,5,8,2,0,7,161,237,9,Mar-24,26.33,8.83,17.88,0,0
Pat Cummins,2020,14,4,146,53*,20.85,114,128.07,0,1,9,8,3,0,14,312,409,12,Apr-34,34.08,7.86,26,1,0
Pat Cummins,2017,12,4,77,24,15.4,53,145.28,0,0,5,4,1,0,12,277,373,15,Feb-20,24.86,8.07,18.46,0,0
Pat Cummins,2015,3,0,0,0*,0,2,0,0,0,0,0,1,0,3,60,97,1,Jan-54,97,9.7,60,0,0
Pat Cummins,2014,1,0,0,0,0,0,0,0,0,0,0,0,0,1,24,29,1,Jan-29,29,7.25,24,0,0
Pathum Nissanka,No stats,No stats,No stats,No stats,No stats,No stats,No stats,No stats,No stats,No stats,No stats,No stats,No stats,No stats,No stats,No stats,No stats,No stats,No stats,No stats,No stats,No stats,No stats,No stats
Phil Salt,2025,13,1,403,65,33.58,229,175.98,0,4,48,22,9,0,13,0,0,0,0,0,0,0,0,0
Phil Salt,2024,12,1,435,89*,39.55,239,182.01,0,4,50,24,12,0,12,0,0,0,0,0,0,0,0,0
Phil Salt,2023,9,1,218,87,27.25,133,163.91,0,2,24,10,5,0,9,0,0,0,0,0,0,0,0,0
Prabhsimran Singh,2025,17,0,549,91,32.29,342,160.53,0,4,56,30,2,1,17,0,0,0,0,0,0,0,0,0
Prabhsimran Singh,2024,14,0,334,71,23.86,213,156.81,0,2,34,20,1,0,14,0,0,0,0,0,0,0,0,0
Prabhsimran Singh,2023,14,0,358,103,25.57,238,150.42,1,1,38,19,1,0,14,0,0,0,0,0,0,0,0,0
Prabhsimran Singh,2022,1,0,14,14,14,11,127.27,0,0,2,0,0,0,1,0,0,0,0,0,0,0,0,0
Prabhsimran Singh,2021,2,0,19,12,9.5,23,82.6,0,0,1,1,0,0,0,0,0,0,0,0,0,0,0,0
Prabhsimran Singh,2020,2,0,15,11,7.5,15,100,0,0,2,0,1,0,2,0,0,0,0,0,0,0,0,0
Prabhsimran Singh,2019,1,0,16,16,16,17,94.11,0,0,1,1,1,0,1,0,0,0,0,0,0,0,0,0
Praful Hinge,No stats,No stats,No stats,No stats,No stats,No stats,No stats,No stats,No stats,No stats,No stats,No stats,No stats,No stats,No stats,No stats,No stats,No stats,No stats,No stats,No stats,No stats,No stats,No stats
Prashant Solanki,No stats,0,0,0,0,0,0,0,0,0,0,0,0,0,No stats,No stats,No stats,No stats,No stats,No stats,No stats,No stats,No stats,No stats
Prashant Solanki,2022,2,0,0,0,0,0,0,0,0,0,0,0,0,0,0,0,0,0,0,0,0,0,0
Prashant Veer,No stats,No stats,No stats,No stats,No stats,No stats,No stats,No stats,No stats,No stats,No stats,No stats,No stats,No stats,No stats,No stats,No stats,No stats,No stats,No stats,No stats,No stats,No stats,No stats
Prasidh Krishna,2025,15,0,0,0,0,0,0,0,0,0,0,5,0,15,354,488,25,Apr-41,19.52,8.27,14.16,1,0
Prasidh Krishna,2022,17,2,6,4*,6,12,50,0,0,0,0,2,0,17,399,551,19,Mar-22,29,8.29,21,0,0
Prasidh Krishna,2021,10,1,0,0*,0,1,0,0,0,0,0,3,0,10,231,351,12,Mar-30,29.25,9.11,19.25,0,0
Prasidh Krishna,2020,6,2,2,2*,0,4,50,0,0,0,0,1,0,6,105,164,4,Mar-29,41,9.37,26.25,0,0
Prasidh Krishna,2019,11,0,0,0*,0,2,0,0,0,0,0,2,0,11,242,377,4,Jan-22,94.25,9.34,60.5,0,0
Prasidh Krishna,2018,7,2,1,1*,0,5,20,0,0,0,0,1,0,7,168,260,10,Apr-30,26,9.28,16.8,1,0
Pravin Dubey,2025,1,0,0,0,0,0,0,0,0,0,0,1,0,1,12,20,1,Jan-20,20,10,12,0,0
Pravin Dubey,2023,1,0,16,16,16,20,80,0,0,2,0,0,0,1,18,19,1,Jan-19,19,6.33,18,0,0
Pravin Dubey,2020,3,1,7,7*,0,13,53.84,0,0,0,0,1,0,3,48,72,0,0/14,0,9,0,0,0
Prince Yadav,2025,6,2,5,4*,0,10,50,0,0,0,0,2,0,6,137,225,3,Jan-29,75,9.85,45.67,0,0
Prithvi Raj Yarra,2019,2,1,0,0*,0,1,0,0,0,0,0,0,0,2,30,57,1,Jan-29,57,11.4,30,0,0
Prithvi Shaw,2024,8,0,198,66,24.75,121,163.64,0,1,30,5,2,0,0,0,0,0,0,0,0,0,0,0
Prithvi Shaw,2023,8,0,106,54,13.25,85,124.71,0,1,16,1,1,0,0,0,0,0,0,0,0,0,0,0
Prithvi Shaw,2022,10,0,283,61,28.3,185,152.97,0,2,37,10,4,0,0,0,0,0,0,0,0,0,0,0
Prithvi Shaw,2021,15,0,479,82,31.93,301,159.13,0,4,56,18,1,0,15,0,0,0,0,0,0,0,0,0
Prithvi Shaw,2020,13,0,228,66,17.53,167,136.52,0,2,27,8,4,0,13,0,0,0,0,0,0,0,0,0
Prithvi Shaw,2019,16,0,353,99,22.06,264,133.71,0,2,45,9,2,0,16,0,0,0,0,0,0,0,0,0
Prithvi Shaw,2018,9,0,245,65,27.22,160,153.12,0,2,27,10,4,0,9,0,0,0,0,0,0,0,0,0
Priyansh Arya,2025,17,0,475,103,27.94,265,179.25,1,2,55,25,8,0,17,0,0,0,0,0,0,0,0,0
Pyla Avinash,No stats,No stats,No stats,No stats,No stats,No stats,No stats,No stats,No stats,No stats,No stats,No stats,No stats,No stats,No stats,No stats,No stats,No stats,No stats,No stats,No stats,No stats,No stats,No stats
Quinton de Kock,2025,8,1,152,97*,21.71,117,129.91,0,1,9,11,3,0,8,0,0,0,0,0,0,0,0,0
Quinton de Kock,2024,11,0,250,81,22.73,186,134.41,0,3,29,9,3,0,11,0,0,0,0,0,0,0,0,0
Quinton de Kock,2023,4,0,143,70,35.75,102,140.2,0,1,10,8,2,1,4,0,0,0,0,0,0,0,0,0
Quinton de Kock,2022,15,1,508,140*,36.29,341,148.97,1,3,47,23,12,1,15,0,0,0,0,0,0,0,0,0
Quinton de Kock,2021,11,1,297,70*,29.7,256,116.01,0,2,29,7,4,2,11,0,0,0,0,0,0,0,0,0
Quinton de Kock,2020,16,2,503,78*,35.92,358,140.5,0,4,46,22,18,4,16,0,0,0,0,0,0,0,0,0
Quinton de Kock,2019,16,1,529,81,35.26,398,132.91,0,4,45,25,17,2,16,0,0,0,0,0,0,0,0,0
Quinton de Kock,2018,8,0,201,53,25.12,162,124.07,0,1,20,8,7,3,8,0,0,0,0,0,0,0,0,0
Quinton de Kock,2016,13,1,445,108,37.08,327,136.08,1,3,52,13,2,2,13,0,0,0,0,0,0,0,0,0
Quinton de Kock,2015,3,0,122,69,40.66,77,158.44,0,2,18,4,0,0,3,0,0,0,0,0,0,0,0,0
Quinton de Kock,2014,7,0,153,48,21.85,130,117.69,0,0,19,4,2,0,7,0,0,0,0,0,0,0,0,0
Quinton de Kock,2013,3,0,6,4,2,15,40,0,0,1,0,3,1,3,0,0,0,0,0,0,0,0,0
Rachin Ravindra,2025,8,1,191,65*,27.29,149,128.19,0,1,18,4,2,0,8,0,0,0,0,0,0,0,0,0
Rachin Ravindra,2024,10,0,222,61,22.2,138,160.87,0,1,22,12,8,0,10,12,7,0,0/3,0,3.5,0,0,0
Raghu Sharma,No stats,No stats,No stats,No stats,No stats,No stats,No stats,No stats,No stats,No stats,No stats,No stats,No stats,No stats,No stats,No stats,No stats,No stats,No stats,No stats,No stats,No stats,No stats,No stats
Rahul Chahar,2025,1,0,0,0,0,0,0,0,0,0,0,0,0,1,6,9,0,0/9,0,9,0,0,0
Rahul Chahar,2024,9,1,21,16,21,15,140,0,0,3,1,3,0,9,186,279,10,Mar-23,27.9,9,18.6,0,0
Rahul Chahar,2023,14,1,0,0,0,9,0,0,0,0,0,4,0,14,298,385,8,Feb-16,48.13,7.75,37.25,0,0
Rahul Chahar,2022,13,2,77,25*,12.83,68,113.24,0,0,7,4,5,0,13,280,360,14,Mar-25,25.71,7.71,20,0,0
Rahul Chahar,2021,11,0,14,8,2.8,15,93.33,0,0,1,0,3,0,11,258,318,13,Apr-27,24.46,7.39,19.84,1,0
Rahul Chahar,2020,15,1,2,2*,0,4,50,0,0,0,0,4,0,15,318,433,15,Feb-18,28.86,8.16,21.2,0,0
Rahul Chahar,2019,13,2,12,10,6,11,109.09,0,0,2,0,3,0,13,282,308,13,Mar-19,23.69,6.55,21.69,0,0
Rahul Chahar,2017,3,1,3,3*,0,2,150,0,0,0,0,1,0,3,42,58,2,Jan-26,29,8.28,21,0,0
Rahul Tewatia,2025,15,4,99,24*,12.38,59,167.8,0,0,6,7,4,0,15,0,0,0,0,0,0,0,0,0
Rahul Tewatia,2024,12,2,188,36*,26.86,129,145.74,0,0,24,5,6,0,12,0,0,0,0,0,0,0,0,0
Rahul Tewatia,2023,17,6,87,20*,21.75,57,152.63,0,0,3,7,8,0,17,13,15,0,0/7,0,6.92,0,0,0
Rahul Tewatia,2022,16,5,217,43*,31,147,147.62,0,0,22,9,5,0,16,36,76,0,0/9,0,12.67,0,0,0
Rahul Tewatia,2021,14,1,155,44,15.5,147,105.44,0,0,11,6,2,0,14,222,340,8,Mar-39,42.5,9.18,27.75,0,0
Rahul Tewatia,2020,14,5,255,53,42.5,183,139.34,0,1,13,17,9,0,14,276,326,10,Mar-25,32.6,7.08,27.6,0,0
Rahul Tewatia,2019,5,3,26,11*,26,22,118.18,0,0,2,1,6,0,5,38,42,2,01-Oct,21,6.63,19,0,0
Rahul Tewatia,2018,8,2,50,24,16.66,43,116.27,0,0,5,1,2,0,8,132,173,6,Mar-18,28.83,7.86,22,0,0
Rahul Tewatia,2017,3,1,19,15*,19,11,172.72,0,0,4,0,0,0,3,54,49,3,Feb-18,16.33,5.44,18,0,0
Rahul Tewatia,2015,1,0,0,0,0,0,0,0,0,0,0,0,0,1,18,31,1,Jan-31,31,10.33,18,0,0
Rahul Tewatia,2014,3,0,16,16,16,13,123.07,0,0,0,1,0,0,3,54,59,2,Jan-17,29.5,6.55,27,0,0
Rahul Tripathi,2025,5,0,55,23,11,57,96.49,0,0,6,1,1,0,5,0,0,0,0,0,0,0,0,0
Rahul Tripathi,2024,6,0,165,55,27.5,115,143.48,0,1,18,6,2,0,6,0,0,0,0,0,0,0,0,0
Rahul Tripathi,2023,13,1,273,74*,22.75,213,128.17,0,1,29,10,2,0,13,0,0,0,0,0,0,0,0,0
Rahul Tripathi,2022,14,3,413,76,37.55,261,158.24,0,3,40,20,6,0,14,0,0,0,0,0,0,0,0,0
Rahul Tripathi,2021,17,2,397,74*,28.35,283,140.28,0,2,41,11,8,0,17,0,0,0,0,0,0,0,0,0
Rahul Tripathi,2020,11,1,230,81,23,181,127.07,0,1,21,10,3,0,11,0,0,0,0,0,0,0,0,0
Rahul Tripathi,2019,8,1,141,50,23.5,118,119.49,0,1,13,2,3,0,8,0,0,0,0,0,0,0,0,0
Rahul Tripathi,2018,12,3,226,80*,25.11,167,135.32,0,1,18,8,4,0,12,0,0,0,0,0,0,0,0,0
Rahul Tripathi,2017,14,0,391,93,27.92,267,146.44,0,2,43,17,5,0,14,6,12,0,0/12,0,12,0,0,0
Raj Angad Bawa,2025,3,1,8,8*,0,4,200,0,0,0,0,3,0,3,0,0,0,0,0,0,0,0,0
Raj Angad Bawa,2022,2,0,11,11,5.5,14,78.57,0,0,1,0,0,0,2,0,0,0,0,0,0,0,0,0
Rajat Patidar,2025,15,1,312,64,24,217,143.78,0,2,25,14,2,0,15,0,0,0,0,0,0,0,0,0
Rajat Patidar,2024,15,0,395,55,30.38,223,177.13,0,5,21,33,3,0,15,0,0,0,0,0,0,0,0,0
Rajat Patidar,2022,8,1,333,112*,55.5,218,152.75,1,2,27,18,4,0,8,0,0,0,0,0,0,0,0,0
Rajat Patidar,2021,4,0,71,31,17.75,62,114.51,0,0,3,3,1,0,4,0,0,0,0,0,0,0,0,0
Ramakrishna Ghosh,No stats,No stats,No stats,No stats,No stats,No stats,No stats,No stats,No stats,No stats,No stats,No stats,No stats,No stats,No stats,No stats,No stats,No stats,No stats,No stats,No stats,No stats,No stats,No stats
Ramandeep Singh,2025,11,2,47,22,9.4,35,134.29,0,0,1,4,5,0,11,0,0,0,0,0,0,0,0,0
Ramandeep Singh,2024,15,5,125,35,31.25,62,201.61,0,0,5,12,8,0,15,4,9,0,0/9,0,13.5,0,0,0
Ramandeep Singh,2022,5,2,45,14*,22.5,40,112.5,0,0,3,1,1,0,5,36,54,6,Mar-20,9,9,6,0,0
Rashid Khan,2025,15,3,40,12,8,28,142.86,0,0,2,3,6,0,15,330,514,9,Feb-25,57.11,9.35,36.67,0,0
Rashid Khan,2024,12,3,102,31,20.4,71,143.66,0,0,11,3,5,0,12,262,367,10,Feb-38,36.7,8.4,26.2,0,0
Rashid Khan,2023,17,5,130,79*,32.5,60,216.67,0,1,8,13,10,0,17,402,552,27,Apr-30,20.44,8.24,14.89,1,0
Rashid Khan,2022,16,4,91,40,22.75,44,206.82,0,0,3,9,7,0,16,383,421,19,Apr-24,22.16,6.6,20.16,1,0
Rashid Khan,2021,14,2,83,22,10.37,69,120.28,0,0,9,2,2,0,14,336,375,18,Mar-36,20.83,6.69,18.66,0,0
Rashid Khan,2020,16,3,35,14,8.75,30,116.66,0,0,3,2,3,0,16,384,344,20,03-Jul,17.2,5.37,19.2,0,0
Rashid Khan,2019,15,3,34,17*,6.8,23,147.82,0,0,2,2,4,0,15,360,377,17,Mar-21,22.17,6.28,21.17,0,0
Rashid Khan,2018,17,2,59,34*,11.8,31,190.32,0,0,3,6,6,0,17,408,458,21,Mar-19,21.8,6.73,19.42,0,0
Rashid Khan,2017,14,1,11,6*,5.5,9,122.22,0,0,0,1,5,0,14,324,358,17,Mar-19,21.05,6.62,19.05,0,0
Rasikh Dar,2025,2,0,0,0,0,0,0,0,0,0,0,1,0,2,36,70,1,Jan-35,70,11.67,36,0,0
Rasikh Dar,2024,8,0,28,10,7,30,93.33,0,0,4,0,1,0,8,147,269,9,Mar-34,29.89,10.98,16.33,0,0
Rasikh Dar,2022,2,0,7,7,7,6,116.67,0,0,1,0,0,0,2,24,28,0,0/10,0,7,0,0,0
Rasikh Dar,2019,1,1,5,5*,0,4,125,0,0,0,0,1,0,1,24,42,0,0/42,0,10.5,0,0,0
Ravi Bishnoi,2025,11,1,13,13,6.5,16,81.25,0,0,0,2,6,0,11,222,401,9,Feb-18,44.56,10.84,24.67,0,0
Ravi Bishnoi,2024,14,0,4,2,1.33,6,66.67,0,0,0,0,4,0,14,262,383,10,Feb-25,38.3,8.77,26.2,0,0
Ravi Bishnoi,2023,15,4,20,5,6.67,27,74.07,0,0,1,0,9,0,15,303,391,16,Mar-28,24.44,7.74,18.94,0,0
Ravi Bishnoi,2022,14,1,0,0*,0,1,0,0,0,0,0,3,0,14,324,456,13,Feb-22,35.08,8.44,24.92,0,0
Ravi Bishnoi,2021,9,0,1,1,1,4,25,0,0,0,0,2,0,9,210,222,12,Mar-24,18.5,6.34,17.5,0,0
Ravi Bishnoi,2020,14,2,7,6*,7,12,58.33,0,0,1,0,2,0,14,306,376,12,Mar-29,31.33,7.37,25.5,0,0
Ravi Singh,No stats,No stats,No stats,No stats,No stats,No stats,No stats,No stats,No stats,No stats,No stats,No stats,No stats,No stats,No stats,No stats,No stats,No stats,No stats,No stats,No stats,No stats,No stats,No stats
Ravindra Jadeja,2025,14,5,301,77*,33.44,222,135.59,0,2,25,10,6,0,14,227,324,10,Feb-17,32.4,8.56,22.7,0,0
Ravindra Jadeja,2024,14,5,267,57*,44.5,187,142.78,0,1,22,8,6,0,14,282,369,8,Mar-18,46.13,7.85,35.25,0,0
Ravindra Jadeja,2023,16,4,190,25*,23.75,133,142.86,0,0,11,9,9,0,16,342,431,20,Mar-20,21.55,7.56,17.1,0,0
Ravindra Jadeja,2022,10,4,116,26*,19.33,98,118.37,0,0,6,5,7,0,10,198,248,5,Mar-39,49.6,7.52,39.6,0,0
Ravindra Jadeja,2021,16,9,227,62*,75.66,156,145.51,0,1,19,9,13,0,16,294,346,13,Mar-13,26.61,7.06,22.61,0,0
Ravindra Jadeja,2020,14,6,232,50,46.4,135,171.85,0,1,22,11,5,0,14,218,318,6,Feb-42,53,8.75,36.33,0,0
Ravindra Jadeja,2019,16,6,106,31*,35.33,88,120.45,0,0,7,4,9,0,16,324,343,15,03-Sep,22.86,6.35,21.6,0,0
Ravindra Jadeja,2018,16,5,89,27*,17.8,74,120.27,0,0,3,4,11,0,16,246,303,11,Mar-18,27.54,7.39,22.36,0,0
Ravindra Jadeja,2017,12,6,158,28,39.5,113,139.82,0,0,13,4,2,0,12,228,349,5,Feb-28,69.8,9.18,45.6,0,0
Ravindra Jadeja,2016,15,6,191,36*,21.22,178,107.3,0,0,14,4,4,0,15,241,311,8,Feb-18,38.87,7.74,30.12,0,0
Ravindra Jadeja,2015,17,5,132,24,18.85,126,104.76,0,0,7,3,13,0,17,256,330,11,04-Nov,30,7.73,23.27,1,0
Ravindra Jadeja,2014,16,5,146,36*,29.2,110,132.72,0,0,9,5,4,0,16,326,443,19,04-Dec,23.31,8.15,17.15,2,0
Ravindra Jadeja,2013,18,6,201,38*,25.12,135,148.88,0,0,17,6,6,0,18,259,323,13,Mar-20,24.84,7.48,19.92,0,0
Ravindra Jadeja,2012,19,2,191,48,15.91,151,126.49,0,0,13,9,2,0,19,210,273,12,May-16,22.75,7.8,17.5,0,1
Ravindra Jadeja,2011,14,3,283,47,31.44,228,124.12,0,0,20,14,1,0,14,252,305,8,Feb-25,38.12,7.26,31.5,0,0
Ravindra Jadeja,2009,13,2,295,42,26.81,266,110.9,0,0,21,6,4,0,13,140,151,6,Mar-15,25.16,6.47,23.33,0,0
Ravindra Jadeja,2008,14,2,135,36*,19.28,103,131.06,0,0,11,6,7,0,14,13,21,0,0/0,0,9.69,0,0,0
Rinku Singh,2025,13,4,206,38*,29.43,134,153.73,0,0,20,10,9,0,13,0,0,0,0,0,0,0,0,0
Rinku Singh,2024,15,2,168,26,18.67,113,148.67,0,0,13,8,7,0,15,0,0,0,0,0,0,0,0,0
Rinku Singh,2023,14,6,474,67*,59.25,317,149.53,0,4,31,29,8,0,14,0,0,0,0,0,0,0,0,0
Rinku Singh,2022,7,2,174,42*,34.8,117,148.72,0,0,17,7,9,0,7,0,0,0,0,0,0,0,0,0
Rinku Singh,2020,1,0,11,11,11,11,100,0,0,1,0,1,0,1,0,0,0,0,0,0,0,0,0
Rinku Singh,2019,5,1,37,30,18.5,34,108.82,0,0,1,2,1,0,5,0,0,0,0,0,0,0,0,0
Rinku Singh,2018,4,0,29,16,7.25,31,93.54,0,0,4,0,4,0,4,0,0,0,0,0,0,0,0,0
Rishabh Pant,2025,14,2,269,118*,24.45,202,133.17,1,1,23,16,5,1,14,0,0,0,0,0,0,0,0,0
Rishabh Pant,2024,13,2,446,88*,40.55,287,155.4,0,3,36,25,11,5,13,0,0,0,0,0,0,0,0,0
Rishabh Pant,2022,14,2,340,44,30.91,224,151.79,0,0,35,16,8,4,14,0,0,0,0,0,0,0,0,0
Rishabh Pant,2021,16,4,419,58*,34.91,326,128.52,0,3,42,10,10,3,16,0,0,0,0,0,0,0,0,0
Rishabh Pant,2020,14,3,343,56,31.18,301,113.95,0,1,31,9,13,0,14,0,0,0,0,0,0,0,0,0
Rishabh Pant,2019,16,3,488,78*,37.53,300,162.66,0,3,37,27,18,6,16,0,0,0,0,0,0,0,0,0
Rishabh Pant,2018,14,1,684,128*,52.61,394,173.6,1,5,68,37,4,2,14,0,0,0,0,0,0,0,0,0
Rishabh Pant,2017,14,0,366,97,26.14,221,165.61,0,2,28,24,8,3,14,0,0,0,0,0,0,0,0,0
Rishabh Pant,2016,10,2,198,69,24.75,152,130.26,0,1,19,6,3,0,10,0,0,0,0,0,0,0,0,0
Riyan Parag,2025,14,2,393,95,32.75,236,166.53,0,1,27,27,8,0,14,120,170,3,01-Dec,56.67,8.5,40,0,0
Riyan Parag,2024,16,3,573,84*,52.09,384,149.22,0,4,40,33,7,0,16,18,27,0,0/10,0,9,0,0,0
Riyan Parag,2023,7,1,78,20,13,66,118.18,0,0,4,5,1,0,7,0,0,0,0,0,0,0,0,0
Riyan Parag,2022,17,3,183,56*,16.64,132,138.64,0,1,11,10,17,0,17,24,59,1,01-Dec,59,14.75,24,0,0
Riyan Parag,2021,11,2,93,25,11.62,83,112.04,0,0,6,4,6,0,11,37,73,1,01-Jul,73,11.83,37,0,0
Riyan Parag,2020,12,1,86,42*,12.28,77,111.68,0,0,6,3,1,0,12,12,27,0,0/13,0,13.5,0,0,0
Riyan Parag,2019,7,0,160,50,32,126,126.98,0,1,17,5,5,0,7,84,121,2,01-Oct,60.5,8.64,42,0,0
Robin Minz,2025,2,0,6,3,3,15,40,0,0,0,0,0,0,2,0,0,0,0,0,0,0,0,0
Rohit Sharma,2025,15,1,418,81,29.86,280,149.29,0,4,41,22,1,0,15,0,0,0,0,0,0,0,0,0
Rohit Sharma,2024,14,1,417,105*,32.08,278,150,1,1,45,23,3,0,14,0,0,0,0,0,0,0,0,0
Rohit Sharma,2023,16,0,332,65,20.75,250,132.8,0,2,35,17,1,0,16,0,0,0,0,0,0,0,0,0
Rohit Sharma,2022,14,0,268,48,19.14,223,120.18,0,0,28,13,7,0,14,0,0,0,0,0,0,0,0,0
Rohit Sharma,2021,13,0,381,63,29.3,299,127.42,0,1,33,14,1,0,13,7,13,0,0/4,0,11.14,0,0,0
Rohit Sharma,2020,12,0,332,80,27.66,260,127.69,0,3,27,19,6,0,12,0,0,0,0,0,0,0,0,0
Rohit Sharma,2019,15,1,405,67,28.92,315,128.57,0,2,52,10,4,0,15,0,0,0,0,0,0,0,0,0
Rohit Sharma,2018,14,2,286,94,23.83,215,133.02,0,2,25,12,8,0,14,0,0,0,0,0,0,0,0,0
Rohit Sharma,2017,17,2,333,67,23.78,273,121.97,0,3,31,9,10,0,17,0,0,0,0,0,0,0,0,0
Rohit Sharma,2016,14,3,489,85*,44.45,368,132.88,0,5,49,16,2,0,14,0,0,0,0,0,0,0,0,0
Rohit Sharma,2015,16,2,482,98*,34.42,333,144.74,0,3,41,21,5,0,16,0,0,0,0,0,0,0,0,0
Rohit Sharma,2014,15,2,390,59*,30,302,129.13,0,3,31,16,5,0,15,18,26,1,Jan-20,26,8.66,18,0,0
Rohit Sharma,2013,19,5,538,79*,38.42,409,131.54,0,4,35,28,7,0,19,8,6,0,0/1,0,4.5,0,0,0
Rohit Sharma,2012,17,2,433,109*,30.92,342,126.6,1,3,39,18,13,0,17,6,16,0,0/16,0,16,0,0,0
Rohit Sharma,2011,16,3,372,87,33.81,297,125.25,0,3,32,13,7,0,16,48,53,0,0/14,0,13.25,0,0,0
Rohit Sharma,2010,16,2,404,73,28.85,302,133.77,0,3,36,14,9,0,16,114,153,2,Jan-19,76.5,8.05,57,0,0
Rohit Sharma,2009,16,3,362,52,27.84,315,114.92,0,1,22,18,5,0,16,138,161,11,04-Jun,14.63,7,12.54,1,0
Rohit Sharma,2008,13,1,404,76*,36.72,273,147.98,0,4,38,19,8,0,13,24,25,1,Jan-25,25,6.25,24,0,0
Romario Shepherd,2025,8,1,70,53*,35,24,291.67,0,1,5,7,4,0,8,84,151,6,Feb-14,25.17,10.79,14,0,0
Romario Shepherd,2024,6,3,57,39*,28.5,21,271.43,0,0,5,5,0,0,6,72,159,1,Jan-54,159,13.25,72,0,0
Romario Shepherd,2023,1,0,0,0,0,1,0,0,0,0,0,0,0,1,0,0,0,0,0,0,0,0,0
Romario Shepherd,2022,3,1,58,26*,29,41,141.46,0,0,2,5,0,0,3,54,98,3,Feb-42,32.67,10.89,18,0,0
Rovman Powell,2025,2,0,5,5,5,5,100,0,0,1,0,1,0,2,0,0,0,0,0,0,0,0,0
Rovman Powell,2024,10,1,103,27,17.17,68,151.47,0,0,10,6,8,0,10,0,0,0,0,0,0,0,0,0
Rovman Powell,2023,3,0,7,4,2.33,9,77.78,0,0,1,0,0,0,3,12,18,1,Jan-18,18,9,12,0,0
Rovman Powell,2022,14,2,250,67*,25,167,149.7,0,1,10,22,10,0,14,6,17,0,0/17,0,17,0,0,0
Ruturaj Gaikwad,2025,5,0,122,63,24.4,81,150.62,0,2,14,4,3,0,5,0,0,0,0,0,0,0,0,0
Ruturaj Gaikwad,2024,14,3,583,108*,53,413,141.16,1,4,58,18,5,0,14,0,0,0,0,0,0,0,0,0
Ruturaj Gaikwad,2023,16,1,590,92,42.14,400,147.5,0,4,46,30,17,0,16,0,0,0,0,0,0,0,0,0
Ruturaj Gaikwad,2022,14,0,368,99,26.29,291,126.46,0,3,33,14,4,0,14,0,0,0,0,0,0,0,0,0
Ruturaj Gaikwad,2021,16,2,635,101*,45.35,466,136.26,1,4,64,23,6,0,16,0,0,0,0,0,0,0,0,0
Ruturaj Gaikwad,2020,6,2,204,72,51,169,120.71,0,3,16,6,4,0,6,0,0,0,0,0,0,0,0,0
Ryan Rickelton,2025,14,1,388,62*,29.85,257,150.97,0,3,47,17,11,5,14,0,0,0,0,0,0,0,0,0
Sahil Parakh,No stats,No stats,No stats,No stats,No stats,No stats,No stats,No stats,No stats,No stats,No stats,No stats,No stats,No stats,No stats,No stats,No stats,No stats,No stats,No stats,No stats,No stats,No stats,No stats
Sai Kishore,2025,15,0,5,3,1.67,10,50,0,0,0,0,5,0,15,255,393,19,Mar-30,20.68,9.25,13.42,0,0
Sai Kishore,2024,5,1,13,13,13,6,216.67,0,0,0,2,2,0,5,90,137,7,Apr-33,19.57,9.13,12.86,1,0
Sai Kishore,2022,5,0,0,0,0,0,0,0,0,0,0,3,0,5,96,121,6,02-Jul,20.17,7.56,16,0,0
Sai Sudharsan,2025,15,1,759,108*,54.21,486,156.17,1,6,88,21,7,0,15,0,0,0,0,0,0,0,0,0
Sai Sudharsan,2024,12,1,527,103,47.91,373,141.29,1,2,48,16,0,0,12,0,0,0,0,0,0,0,0,0
Sai Sudharsan,2023,8,1,362,96,51.71,256,141.41,0,3,33,12,2,0,8,0,0,0,0,0,0,0,0,0
Sai Sudharsan,2022,5,1,145,65*,36.25,114,127.19,0,1,14,3,1,0,5,0,0,0,0,0,0,0,0,0
Sakib Hussain,No stats,No stats,No stats,No stats,No stats,No stats,No stats,No stats,No stats,No stats,No stats,No stats,No stats,No stats,No stats,No stats,No stats,No stats,No stats,No stats,No stats,No stats,No stats,No stats
Salil Arora,No stats,No stats,No stats,No stats,No stats,No stats,No stats,No stats,No stats,No stats,No stats,No stats,No stats,No stats,No stats,No stats,No stats,No stats,No stats,No stats,No stats,No stats,No stats,No stats
Sam Curran,2025,5,0,114,88,22.8,84,135.71,0,1,11,4,3,0,5,72,133,1,Jan-34,133,11.08,72,0,0
Sam Curran,2024,13,2,270,63,27,219,123.29,0,2,24,6,7,0,13,246,416,16,Mar-28,26,10.15,15.38,0,0
Sam Curran,2023,14,3,276,55,27.6,203,135.96,0,1,20,13,5,0,14,287,489,10,Mar-31,48.9,10.22,28.7,0,0
Sam Curran,2021,9,1,56,34,18.66,29,193.1,0,0,5,3,1,0,9,198,328,9,Mar-34,36.44,9.93,22,0,0
Sam Curran,2020,14,3,186,52,23.25,141,131.91,0,1,12,12,7,0,14,252,344,13,Mar-19,26.46,8.19,19.38,0,0
Sam Curran,2019,9,4,95,55*,23.75,55,172.72,0,1,13,3,2,0,9,198,323,10,04-Nov,32.3,9.78,19.8,1,0
Sameer Rizvi,2025,5,1,121,58*,40.33,79,153.16,0,1,11,7,2,0,5,0,0,0,0,0,0,0,0,0
Sameer Rizvi,2024,8,1,51,21,12.75,43,118.6,0,0,4,2,4,0,8,0,0,0,0,0,0,0,0,0
Sandeep Sharma,2025,10,1,6,6*,0,5,120,0,0,0,0,1,0,10,219,361,9,Feb-21,40.11,9.89,24.33,0,0
Sandeep Sharma,2024,11,0,0,0,0,0,0,0,0,0,0,3,0,11,228,311,13,May-18,23.92,8.18,17.54,0,1
Sandeep Sharma,2023,12,2,2,2*,0,6,33.33,0,0,0,0,4,0,12,276,396,10,Feb-25,39.6,8.61,27.6,0,0
Sandeep Sharma,2022,5,0,0,0,0,0,0,0,0,0,0,2,0,5,120,153,2,Jan-18,76.5,7.65,60,0,0
Sandeep Sharma,2021,7,1,8,8*,8,7,114.28,0,0,1,0,1,0,7,141,203,3,Jan-20,67.66,8.63,47,0,0
Sandeep Sharma,2020,13,3,12,9,6,15,80,0,0,1,0,0,0,13,312,374,14,Mar-34,26.71,7.19,22.28,0,0
Sandeep Sharma,2019,11,2,6,5*,0,3,200,0,0,1,0,1,0,11,256,352,12,Mar-19,29.33,8.25,21.33,0,0
Sandeep Sharma,2018,12,1,0,0*,0,4,0,0,0,0,0,2,0,12,264,333,12,Feb-17,27.75,7.56,22,0,0
Sandeep Sharma,2017,13,4,7,5*,0,6,116.66,0,0,0,0,3,0,13,288,398,17,Apr-20,23.41,8.29,16.94,1,0
Sandeep Sharma,2016,14,4,8,5*,0,9,88.88,0,0,0,0,2,0,14,300,366,15,02-Nov,24.4,7.32,20,0,0
Sandeep Sharma,2015,14,2,9,7,9,14,64.28,0,0,1,0,2,0,14,300,350,13,Apr-25,26.92,7,23.07,1,0
Sandeep Sharma,2014,11,1,2,2*,0,5,40,0,0,0,0,1,0,11,241,354,18,Mar-15,19.66,8.81,13.38,0,0
Sandeep Sharma,2013,4,1,0,0,0,0,0,0,0,0,0,0,0,4,96,119,8,Mar-21,14.87,7.43,12,0,0
Sanju Samson,2025,9,1,285,66,35.63,203,140.39,0,1,27,13,4,1,9,0,0,0,0,0,0,0,0,0
Sanju Samson,2024,16,4,531,86,48.27,346,153.47,0,5,48,24,6,1,16,0,0,0,0,0,0,0,0,0
Sanju Samson,2023,14,2,362,66*,30.17,236,153.39,0,3,25,24,3,3,14,0,0,0,0,0,0,0,0,0
Sanju Samson,2022,17,1,458,55,28.63,312,146.79,0,2,43,26,14,2,17,0,0,0,0,0,0,0,0,0
Sanju Samson,2021,14,2,484,119,40.33,354,136.72,1,2,45,17,7,4,14,0,0,0,0,0,0,0,0,0
Sanju Samson,2020,14,1,375,85,28.84,236,158.89,0,3,21,26,9,2,14,0,0,0,0,0,0,0,0,0
Sanju Samson,2019,12,2,342,102*,34.2,230,148.69,1,0,28,13,4,1,12,0,0,0,0,0,0,0,0,0
Sanju Samson,2018,15,1,441,92*,31.5,320,137.81,0,3,30,19,5,0,15,0,0,0,0,0,0,0,0,0
Sanju Samson,2017,14,0,386,102,27.57,273,141.39,1,2,32,19,4,0,14,0,0,0,0,0,0,0,0,0
Sanju Samson,2016,14,3,291,60,26.45,259,112.35,0,1,20,8,3,1,14,0,0,0,0,0,0,0,0,0
Sanju Samson,2015,14,1,204,76,20.4,163,125.15,0,1,16,8,9,0,14,0,0,0,0,0,0,0,0,0
Sanju Samson,2014,13,0,339,74,26.07,273,124.17,0,2,25,17,5,2,13,0,0,0,0,0,0,0,0,0
Sanju Samson,2013,11,2,206,63,25.75,178,115.73,0,1,19,5,13,0,11,0,0,0,0,0,0,0,0,0
Sarfaraz Khan,2021,2,0,0,0*,0,4,0,0,0,0,0,0,0,0,0,0,0,0,0,0,0,0,0
Sarfaraz Khan,2020,5,1,33,14*,16.5,29,113.79,0,0,5,0,2,0,5,0,0,0,0,0,0,0,0,0
Sarfaraz Khan,2019,8,1,180,67,45,143,125.87,0,1,19,4,0,0,8,2,6,0,0/6,0,18,0,0,0
Sarfaraz Khan,2018,7,1,51,22*,10.2,41,124.39,0,0,7,1,2,0,7,0,0,0,0,0,0,0,0,0
Sarfaraz Khan,2016,5,2,66,35*,33,31,212.9,0,0,7,4,0,0,5,0,0,0,0,0,0,0,0,0
Sarfaraz Khan,2015,13,4,111,45*,27.75,71,156.33,0,0,12,2,0,0,13,0,0,0,0,0,0,0,0,0
Sarthak Ranjan,No stats,No stats,No stats,No stats,No stats,No stats,No stats,No stats,No stats,No stats,No stats,No stats,No stats,No stats,No stats,No stats,No stats,No stats,No stats,No stats,No stats,No stats,No stats,No stats
Satvik Deswal,No stats,No stats,No stats,No stats,No stats,No stats,No stats,No stats,No stats,No stats,No stats,No stats,No stats,No stats,No stats,No stats,No stats,No stats,No stats,No stats,No stats,No stats,No stats,No stats
Shahbaz Ahamad,2025,3,0,9,9,9,8,112.5,0,0,1,0,0,0,3,51,102,1,Jan-41,102,12,51,0,0
Shahbaz Ahamad,2024,16,3,215,59*,23.89,166,129.52,0,1,7,13,3,0,16,165,270,7,Mar-23,38.57,9.82,23.57,0,0
Shahbaz Ahamad,2023,10,2,42,20*,10.5,39,107.69,0,0,3,1,5,0,10,42,95,1,Jan-38,95,13.57,42,0,0
Shahbaz Ahamad,2022,16,3,219,45,27.38,181,120.99,0,0,14,9,8,0,16,210,336,4,Feb-26,84,9.6,52.5,0,0
Shahbaz Ahamad,2021,11,0,59,14,8.42,53,111.32,0,0,4,2,4,0,11,84,92,7,03-Jul,13.14,6.57,12,0,0
Shahbaz Ahamad,2020,2,1,1,1*,0,1,100,0,0,0,0,1,0,2,36,44,2,Feb-26,22,7.33,18,0,0
Shahrukh Khan,2025,15,5,179,57,29.83,100,179,0,1,11,13,5,0,15,6,13,1,Jan-13,13,13,6,0,0
Shahrukh Khan,2024,7,0,127,58,18.14,75,169.33,0,1,9,9,6,0,7,12,15,0,0/7,0,7.5,0,0,0
Shahrukh Khan,2023,14,6,156,41*,22.29,94,165.96,0,0,13,9,7,0,14,0,0,0,0,0,0,0,0,0
Shahrukh Khan,2022,8,1,117,26,16.71,108,108.33,0,0,4,9,3,0,8,0,0,0,0,0,0,0,0,0
Shahrukh Khan,2021,11,3,153,47,21.85,114,134.21,0,0,9,10,4,0,11,0,0,0,0,0,0,0,0,0
Shardul Thakur,2025,10,2,18,6,6,12,150,0,0,3,0,4,0,10,204,375,13,Apr-34,28.85,11.03,15.69,1,0
Shardul Thakur,2024,9,2,21,17,21,17,123.53,0,0,2,1,4,0,9,190,309,5,Feb-61,61.8,9.76,38,0,0
Shardul Thakur,2023,11,2,113,68,14.13,70,161.43,0,1,13,4,4,0,11,126,220,7,Feb-23,31.43,10.48,18,0,0
Shardul Thakur,2022,14,2,120,29*,15,87,137.93,0,0,7,7,7,0,14,290,473,15,Apr-36,31.53,9.79,19.33,1,0
Shardul Thakur,2021,16,2,5,3*,2.5,5,100,0,0,0,0,2,0,16,359,527,21,Mar-28,25.09,8.8,17.09,0,0
Shardul Thakur,2020,9,1,12,11,12,21,57.14,0,0,0,0,2,0,9,194,275,10,Feb-28,27.5,8.5,19.4,0,0
Shardul Thakur,2019,10,1,14,12*,7,7,200,0,0,1,1,5,0,10,180,281,8,Feb-18,35.12,9.36,22.5,0,0
Shardul Thakur,2018,13,1,15,15*,0,5,300,0,0,3,0,4,0,13,280,431,16,Feb-18,26.93,9.23,17.5,0,0
Shardul Thakur,2017,12,0,0,0*,0,3,0,0,0,0,0,4,0,12,229,315,11,Mar-19,28.63,8.25,20.81,0,0
Shardul Thakur,2015,1,1,7,7*,0,6,116.66,0,0,1,0,0,0,1,18,38,1,Jan-38,38,12.66,18,0,0
Shashank Singh,2025,17,7,350,61*,50,228,153.51,0,3,23,18,7,0,17,12,27,0,0/27,0,13.5,0,0,0
Shashank Singh,2024,14,6,354,68*,44.25,215,164.65,0,2,28,21,7,0,14,6,5,1,01-May,5,5,6,0,0
Shashank Singh,2022,10,1,69,25*,17.25,47,146.81,0,0,5,4,3,0,10,12,20,0,0/10,0,10,0,0,0
Sherfane Rutherford,2025,13,2,291,46,32.33,185,157.3,0,0,22,18,1,0,13,0,0,0,0,0,0,0,0,0
Sherfane Rutherford,2024,0,0,0,0,0,0,0,0,0,0,0,0,0,0,0,0,0,0,0,0,0,0,0
Sherfane Rutherford,2022,3,0,33,28,16.5,50,66,0,0,1,1,0,0,3,0,0,0,0,0,0,0,0,0
Sherfane Rutherford,2019,7,2,73,28*,14.6,54,135.18,0,0,2,7,5,0,7,41,59,1,01-Jun,59,8.63,41,0,0
Shimron Hetmyer,2025,14,2,239,52,21.73,164,145.73,0,1,17,11,13,0,14,0,0,0,0,0,0,0,0,0
Shimron Hetmyer,2024,12,4,113,27*,22.6,69,163.77,0,0,9,7,4,0,12,0,0,0,0,0,0,0,0,0
Shimron Hetmyer,2023,14,5,300,56*,37.5,197,152.28,0,1,12,23,11,0,14,0,0,0,0,0,0,0,0,0
Shimron Hetmyer,2022,15,8,314,59*,44.86,204,153.92,0,1,21,21,3,0,15,0,0,0,0,0,0,0,0,0
Shimron Hetmyer,2021,14,6,242,53*,34.57,144,168.05,0,1,19,12,4,0,14,0,0,0,0,0,0,0,0,0
Shimron Hetmyer,2020,12,3,185,45,23.12,125,148,0,0,11,12,7,0,12,0,0,0,0,0,0,0,0,0
Shimron Hetmyer,2019,5,0,90,75,18,73,123.28,0,1,4,7,3,0,5,0,0,0,0,0,0,0,0,0
Shivam Dube,2025,14,3,357,50,32.45,270,132.22,0,1,22,21,4,0,14,12,33,0,0/33,0,16.5,0,0,0
Shivam Dube,2024,14,3,396,66*,36,244,162.3,0,3,28,28,2,0,14,6,14,1,Jan-14,14,14,6,0,0
Shivam Dube,2023,16,3,418,52,38,264,158.33,0,3,12,35,6,0,16,0,0,0,0,0,0,0,0,0
Shivam Dube,2022,11,1,289,95*,28.9,185,156.22,0,2,22,16,6,0,11,12,36,0,0/11,0,18,0,0,0
Shivam Dube,2021,9,1,230,64*,28.75,193,119.17,0,1,18,10,2,0,9,30,49,0,0/5,0,9.8,0,0,0
Shivam Dube,2020,11,2,129,27*,18.42,105,122.85,0,0,5,9,2,0,11,54,73,4,Feb-15,18.25,8.11,13.5,0,0
Shivam Dube,2019,4,1,40,24,13.33,33,121.21,0,0,1,3,1,0,4,10,8,0,0/3,0,4.8,0,0,0
Shivam Mavi,2022,6,1,3,2,1.5,7,42.86,0,0,0,0,4,0,0,0,0,0,0,0,0,0,0,0
Shivam Mavi,2021,9,0,25,20,12.5,20,125,0,0,2,2,5,0,9,193,233,11,Apr-21,21.18,7.24,17.54,1,0
Shivam Mavi,2020,8,1,10,9,5,14,71.42,0,0,1,0,4,0,8,156,212,9,Feb-15,23.55,8.15,17.33,0,0
Shivam Mavi,2018,9,1,13,7,4.33,15,86.66,0,0,1,0,3,0,9,168,270,5,Jan-14,54,9.64,33.6,0,0
Shivang Kumar,No stats,No stats,No stats,No stats,No stats,No stats,No stats,No stats,No stats,No stats,No stats,No stats,No stats,No stats,No stats,No stats,No stats,No stats,No stats,No stats,No stats,No stats,No stats,No stats
Shreyas Gopal,2024,3,0,0,0,0,0,0,0,0,0,0,1,0,3,42,67,3,01-Sep,22.33,9.57,14,0,0
Shreyas Gopal,2022,1,1,9,9*,0,7,128.57,0,0,2,0,0,0,1,18,34,1,Jan-34,34,11.33,18,0,0
Shreyas Gopal,2021,3,1,7,7*,7,5,140,0,0,0,1,0,0,3,42,84,0,0/9,0,12,0,0,0
Shreyas Gopal,2020,14,1,37,23*,9.25,39,94.87,0,0,3,0,2,0,14,300,427,10,Feb-28,42.7,8.54,30,0,0
Shreyas Gopal,2019,14,3,63,19*,15.75,46,136.95,0,0,8,1,5,0,14,288,347,20,03-Dec,17.35,7.22,14.4,0,0
Shreyas Gopal,2018,11,1,50,24,16.66,45,111.11,0,0,5,0,3,0,11,186,236,11,Apr-16,21.45,7.61,16.9,1,0
Shreyas Gopal,2016,1,0,2,2,2,16,12.5,0,0,0,0,0,0,1,18,18,0,0/18,0,6,0,0,0
Shreyas Gopal,2015,1,1,1,1*,0,1,100,0,0,0,0,0,0,1,13,23,1,Jan-23,23,10.61,13,0,0
Shreyas Gopal,2014,4,0,11,11,11,10,110,0,0,1,0,1,0,4,84,113,6,Feb-25,18.83,8.07,14,0,0
Shreyas Iyer,2025,17,5,604,97*,50.33,345,175.07,0,6,43,39,7,0,17,0,0,0,0,0,0,0,0,0
Shreyas Iyer,2024,15,5,351,58*,39,239,146.86,0,2,34,14,10,0,15,0,0,0,0,0,0,0,0,0
Shreyas Iyer,2022,14,1,401,85,30.85,298,134.56,0,3,41,11,5,0,14,6,7,0,0/7,0,7,0,0,0
Shreyas Iyer,2021,8,3,175,47*,35,171,102.33,0,0,7,5,6,0,8,0,0,0,0,0,0,0,0,0
Shreyas Iyer,2020,17,2,519,88*,34.6,421,123.27,0,3,40,16,6,0,17,0,0,0,0,0,0,0,0,0
Shreyas Iyer,2019,16,1,463,67,30.86,386,119.94,0,3,41,14,8,0,16,0,0,0,0,0,0,0,0,0
Shreyas Iyer,2018,14,3,411,93*,37.36,310,132.58,0,4,29,21,5,0,14,0,0,0,0,0,0,0,0,0
Shreyas Iyer,2017,12,2,338,96,33.8,243,139.09,0,2,36,10,3,0,12,0,0,0,0,0,0,0,0,0
Shreyas Iyer,2016,6,0,30,19,5,43,69.76,0,0,2,1,4,0,6,0,0,0,0,0,0,0,0,0
Shreyas Iyer,2015,14,1,439,83,33.76,342,128.36,0,4,41,21,2,0,14,0,0,0,0,0,0,0,0,0
Shubham Dubey,2025,9,4,106,34*,26.5,66,160.61,0,0,6,8,1,0,9,0,0,0,0,0,0,0,0,0
Shubham Dubey,2024,4,1,33,25,16.5,19,173.68,0,0,3,2,0,0,4,0,0,0,0,0,0,0,0,0
Shubman Gill,2025,15,2,650,93*,50,417,155.88,0,6,62,24,8,0,15,0,0,0,0,0,0,0,0,0
Shubman Gill,2024,12,1,426,104,38.73,289,147.4,1,2,37,15,1,0,12,0,0,0,0,0,0,0,0,0
Shubman Gill,2023,17,2,890,129,59.33,564,157.8,3,4,85,33,6,0,17,0,0,0,0,0,0,0,0,0
Shubman Gill,2022,16,2,483,96,34.5,365,132.33,0,4,51,11,7,0,16,0,0,0,0,0,0,0,0,0
Shubman Gill,2021,17,0,478,57,28.11,402,118.9,0,3,50,12,6,0,17,0,0,0,0,0,0,0,0,0
Shubman Gill,2020,14,1,440,70*,33.84,373,117.96,0,3,44,9,7,0,14,0,0,0,0,0,0,0,0,0
Shubman Gill,2019,14,4,296,76,32.88,238,124.36,0,3,21,10,7,0,14,0,0,0,0,0,0,0,0,0
Shubman Gill,2018,13,5,203,57*,33.83,139,146.04,0,1,22,5,3,0,13,0,0,0,0,0,0,0,0,0
Smaran Ravichandran,No stats,No stats,No stats,No stats,No stats,No stats,No stats,No stats,No stats,No stats,No stats,No stats,No stats,No stats,No stats,No stats,No stats,No stats,No stats,No stats,No stats,No stats,No stats,No stats
Sunil Narine,2025,12,1,246,44,22.36,144,170.83,0,0,25,19,3,0,12,270,351,12,Mar-13,29.25,7.8,22.5,0,0
Sunil Narine,2024,15,0,488,109,34.86,270,180.74,1,3,50,33,8,0,15,330,368,17,Feb-22,21.65,6.69,19.41,0,0
Sunil Narine,2023,14,3,21,7*,3,25,84,0,0,2,1,1,0,14,288,383,11,Mar-33,34.82,7.98,26.18,0,0
Sunil Narine,2022,14,2,71,22,8.88,40,177.5,0,0,6,6,3,0,14,336,312,9,Feb-21,34.67,5.57,37.33,0,0
Sunil Narine,2021,14,2,62,26,7.75,47,131.91,0,0,3,5,2,0,14,336,361,16,Apr-21,22.56,6.44,21,1,0
Sunil Narine,2020,10,0,121,64,13.44,85,142.35,0,1,10,8,2,0,10,228,302,5,Feb-28,60.4,7.94,45.6,0,0
Sunil Narine,2019,12,1,143,47,17.87,86,166.27,0,0,17,9,0,0,12,266,347,10,Feb-19,34.7,7.82,26.6,0,0
Sunil Narine,2018,16,0,357,75,22.31,188,189.89,0,2,40,23,1,0,16,366,467,17,Mar-18,27.47,7.65,21.52,0,0
Sunil Narine,2017,16,1,224,54,17.23,130,172.3,0,1,34,10,4,0,16,354,412,10,Feb-29,41.2,6.98,35.4,0,0
Sunil Narine,2016,11,3,7,4,7,13,53.84,0,0,0,0,2,0,11,257,304,11,Mar-26,27.63,7.09,23.36,0,0
Sunil Narine,2015,8,1,0,0*,0,1,0,0,0,0,0,1,0,8,192,234,7,Apr-19,33.42,7.31,27.42,1,0
Sunil Narine,2014,16,3,10,6,5,14,71.42,0,0,0,0,2,0,16,384,407,21,Apr-20,19.38,6.35,18.28,2,0
Sunil Narine,2013,16,3,21,13,7,19,110.52,0,0,0,2,6,0,16,384,350,22,Apr-13,15.9,5.46,17.45,2,0
Sunil Narine,2012,15,1,9,9*,9,7,128.57,0,0,2,0,1,0,15,355,324,24,May-19,13.5,5.47,14.79,1,1
Surya Kumar Yadav,2025,16,5,717,73*,65.18,427,167.92,0,5,69,38,6,0,16,0,0,0,0,0,0,0,0,0
Surya Kumar Yadav,2025,16,5,717,73*,65.18,427,167.91,0,5,69,38,6,0,16,0,0,0,0,0,0,0,0,0
Surya Kumar Yadav,2024,11,1,345,102*,34.5,206,167.48,1,3,36,18,4,0,11,0,0,0,0,0,0,0,0,0
Surya Kumar Yadav,2023,16,2,605,103*,43.21,334,181.14,1,5,65,28,6,0,16,0,0,0,0,0,0,0,0,0
Surya Kumar Yadav,2022,8,1,303,68*,43.29,208,145.67,0,3,23,16,3,0,8,0,0,0,0,0,0,0,0,0
Surya Kumar Yadav,2021,14,0,317,82,22.64,221,143.43,0,2,40,10,5,0,14,0,0,0,0,0,0,0,0,0
Surya Kumar Yadav,2020,16,3,480,79*,40,331,145.01,0,4,61,11,8,0,16,0,0,0,0,0,0,0,0,0
Surya Kumar Yadav,2019,16,2,424,71*,32.61,324,130.86,0,2,45,10,9,0,16,0,0,0,0,0,0,0,0,0
Surya Kumar Yadav,2018,14,0,512,72,36.57,384,133.33,0,4,61,16,8,0,14,0,0,0,0,0,0,0,0,0
Surya Kumar Yadav,2017,10,1,105,31,17.5,88,119.31,0,0,8,3,5,0,10,0,0,0,0,0,0,0,0,0
Surya Kumar Yadav,2016,15,4,182,60,26,143,127.27,0,1,18,5,6,0,15,0,0,0,0,0,0,0,0,0
Surya Kumar Yadav,2015,13,4,157,46*,17.44,113,138.93,0,0,12,8,7,0,13,0,0,0,0,0,0,0,0,0
Surya Kumar Yadav,2014,16,5,164,34,32.8,117,140.17,0,0,16,5,7,0,16,6,8,0,0/8,0,8,0,0,0
Surya Kumar Yadav,2012,1,0,0,0,0,4,0,0,0,0,0,0,0,1,0,0,0,0,0,0,0,0,0
Suryansh Shedge,2025,5,0,7,4,2.33,11,63.64,0,0,0,0,1,0,5,18,40,0,0/40,0,13.33,0,0,0
Sushant Mishra,No stats,No stats,No stats,No stats,No stats,No stats,No stats,No stats,No stats,No stats,No stats,No stats,No stats,No stats,No stats,No stats,No stats,No stats,No stats,No stats,No stats,No stats,No stats,No stats
Suyash Sharma,2025,14,0,0,0,0,0,0,0,0,0,0,1,0,14,300,442,8,Mar-17,55.25,8.84,37.5,0,0
Suyash Sharma,2024,2,0,0,0,0,0,0,0,0,0,0,1,0,2,24,51,0,0/18,0,12.75,0,0,0
Suyash Sharma,2023,11,0,0,0,0,0,0,0,0,0,0,0,0,11,234,321,10,Mar-30,32.1,8.23,23.4,0,0
Swapnil Singh,2024,7,3,37,15*,18.5,21,176.19,0,0,3,3,2,0,7,90,133,6,Feb-28,22.17,8.87,15,0,0
Swapnil Singh,2023,2,1,2,2*,0,4,50,0,0,0,0,0,0,2,12,18,0,0/7,0,9,0,0,0
Swapnil Singh,2017,4,0,12,10,6,19,63.15,0,0,0,0,1,0,4,42,61,1,0,0,0,42,0,0
Swapnil Singh,2016,1,0,0,0,0,1,0,0,0,0,0,0,0,1,0,0,0,0,0,0,0,0,0
T. Natarajan,2025,2,0,0,0,0,0,0,0,0,0,0,0,0,2,18,49,0,0/49,0,16.33,0,0,0
T. Natarajan,2024,14,0,0,0,0,0,0,0,0,0,0,2,0,14,308,465,19,Apr-19,24.47,9.06,16.21,1,0
T. Natarajan,2023,12,0,0,0,0,0,0,0,0,0,0,3,0,12,270,410,10,Feb-23,41,9.11,27,0,0
T. Natarajan,2022,11,0,0,0,0,0,0,0,0,0,0,1,0,11,258,406,18,03-Oct,22.56,9.44,14.33,0,0
T. Natarajan,2021,2,0,0,0,0,0,0,0,0,0,0,0,0,2,48,69,2,Jan-32,34.5,8.62,24,0,0
T. Natarajan,2020,16,3,3,3*,0,5,60,0,0,0,0,3,0,16,377,504,16,Feb-24,31.5,8.02,23.56,0,0
T. Natarajan,2017,6,0,0,0,0,0,0,0,0,0,0,0,0,6,76,115,2,Jan-26,57.5,9.07,38,0,0
Tejasvi Singh,No stats,No stats,No stats,No stats,No stats,No stats,No stats,No stats,No stats,No stats,No stats,No stats,No stats,No stats,No stats,No stats,No stats,No stats,No stats,No stats,No stats,No stats,No stats,No stats
Tim David,2025,12,6,187,50*,62.33,101,185.15,0,1,16,14,7,0,12,0,0,0,0,0,0,0,0,0
Tim David,2024,13,3,241,45*,30.13,152,158.55,0,0,14,15,6,0,13,0,0,0,0,0,0,0,0,0
Tim David,2023,16,6,231,45*,25.67,146,158.22,0,0,12,15,10,0,16,0,0,0,0,0,0,0,0,0
Tim David,2022,8,3,186,46,37.2,86,216.28,0,0,12,16,6,0,8,0,0,0,0,0,0,0,0,0
Tim David,2021,1,0,1,1,1,3,33.33,0,0,0,0,0,0,1,0,0,0,0,0,0,0,0,0
Tim Seifert,2022,2,0,24,21,12,19,126.32,0,0,4,0,1,0,2,0,0,0,0,0,0,0,0,0
Tim Seifert,2021,1,0,2,2,2,4,50,0,0,0,0,0,0,0,0,0,0,0,0,0,0,0,0
Tom Banton,2020,2,0,18,10,9,20,90,0,0,1,1,0,0,2,0,0,0,0,0,0,0,0,0
Travis Head,2025,13,0,374,76,31.17,230,162.61,0,3,50,15,3,0,13,0,0,0,0,0,0,0,0,0
Travis Head,2024,15,1,567,102,40.5,296,191.55,1,4,64,32,0,0,15,10,32,0,0/32,0,19.2,0,0,0
Travis Head,2017,7,2,151,75*,30.2,108,139.81,0,1,9,6,2,0,7,48,81,2,Feb-30,40.5,10.12,24,0,0
Travis Head,2016,3,1,54,37,27,40,135,0,0,3,2,0,0,3,0,0,0,0,0,0,0,0,0
Trent Boult,2025,16,1,2,1,2,3,66.67,0,0,0,0,1,0,16,346,517,22,Apr-26,23.5,8.97,15.73,1,0
Trent Boult,2024,16,3,14,12,7,16,87.5,0,0,2,0,4,0,16,320,443,16,Mar-22,27.69,8.31,20,0,0
Trent Boult,2023,10,3,16,15,16,14,114.29,0,0,1,1,5,0,10,228,312,13,Mar-29,24,8.21,17.54,0,0
Trent Boult,2022,16,6,40,17*,20,29,137.93,0,0,2,1,2,0,16,372,492,16,Feb-18,30.75,7.94,23.25,0,0
Trent Boult,2021,14,4,1,1*,0,4,25,0,0,0,0,5,0,14,308,406,13,Mar-28,31.23,7.9,23.69,0,0
Trent Boult,2020,15,0,0,0*,0,1,0,0,0,0,0,4,0,15,344,457,25,Apr-18,18.28,7.97,13.76,1,0
Trent Boult,2019,5,2,7,6,7,4,175,0,0,0,1,2,0,5,114,163,5,Feb-27,32.6,8.57,22.8,0,0
Trent Boult,2018,14,0,0,0*,0,2,0,0,0,0,0,9,0,14,316,466,18,Feb-20,25.88,8.84,17.55,0,0
Trent Boult,2017,6,1,5,5*,0,8,62.5,0,0,0,0,0,0,6,143,216,5,Feb-30,43.2,9.06,28.6,0,0
Trent Boult,2016,1,0,0,0,0,0,0,0,0,0,0,1,0,1,24,39,1,Jan-39,39,9.75,24,0,0
Trent Boult,2015,7,0,0,0,0,0,0,0,0,0,0,2,0,7,168,236,9,Mar-19,26.22,8.42,18.66,0,0
Tripurana Vijay,No stats,No stats,No stats,No stats,No stats,No stats,No stats,No stats,No stats,No stats,No stats,No stats,No stats,No stats,No stats,No stats,No stats,No stats,No stats,No stats,No stats,No stats,No stats,No stats
Tristan Stubbs,2025,14,7,300,41*,50,199,150.75,0,0,25,11,10,1,14,12,40,0,0/12,0,20,0,0,0
Tristan Stubbs,2024,14,6,378,71*,54,198,190.91,0,3,24,26,7,0,14,12,15,3,02-Nov,5,7.5,4,0,0
Tristan Stubbs,2023,2,0,25,20,12.5,31,80.65,0,0,2,0,0,0,2,12,14,1,Jan-14,14,7,12,0,0
Tristan Stubbs,2022,2,0,2,2,1,4,50,0,0,0,0,0,0,2,0,0,0,0,0,0,0,0,0
Tushar Deshpande,2025,10,3,7,3,7,8,87.5,0,0,0,0,2,0,10,192,340,9,Mar-44,37.78,10.63,21.33,0,0
Tushar Deshpande,2024,13,1,0,0*,0,1,0,0,0,0,0,2,0,13,288,424,17,Apr-27,24.94,8.83,16.94,1,0
Tushar Deshpande,2023,16,1,0,0*,0,1,0,0,0,0,0,2,0,16,341,564,21,Mar-45,26.86,9.92,16.24,0,0
Tushar Deshpande,2022,2,0,0,0,0,0,0,0,0,0,0,1,0,2,42,63,1,Jan-40,63,9,42,0,0
Tushar Deshpande,2020,5,1,21,20*,21,12,175,0,0,2,1,1,0,5,102,192,3,Feb-37,64,11.29,34,0,0
Umran Malik,2024,1,0,0,0,0,0,0,0,0,0,0,0,0,0,0,0,0,0,0,0,0,0,0
Umran Malik,2023,8,1,19,19*,19,8,237.5,0,0,1,2,1,0,0,0,0,0,0,0,0,0,0,0
Umran Malik,2022,14,3,4,3*,4,8,50,0,0,0,0,5,0,0,0,0,0,0,0,0,0,0,0
Umran Malik,2021,3,0,0,0,0,0,0,0,0,0,0,0,0,3,72,96,2,Jan-21,48,8,36,0,0
Urvil Patel,2025,3,0,68,37,22.67,32,212.5,0,0,5,6,2,0,3,0,0,0,0,0,0,0,0,0
Vaibhav Arora,2025,12,0,0,0,0,8,0,0,0,0,0,4,0,12,255,430,17,Mar-29,25.29,10.12,15,0,0
Vaibhav Arora,2024,10,2,1,1*,0,1,100,0,0,0,0,1,0,10,180,276,11,Mar-27,25.09,9.2,16.36,0,0
Vaibhav Arora,2023,5,2,3,2*,0,2,150,0,0,0,0,3,0,5,96,146,5,Feb-30,29.2,9.13,19.2,0,0
Vaibhav Arora,2022,5,2,5,2,2.5,13,38.46,0,0,0,0,1,0,5,107,164,3,Feb-21,54.67,9.2,35.67,0,0
Vaibhav Suryavanshi,2025,7,0,252,101,36,122,206.56,1,1,18,24,0,0,7,0,0,0,0,0,0,0,0,0
Varun Chakaravarthy,2025,13,1,1,1*,0,1,100,0,0,0,0,2,0,13,300,383,17,Mar-22,22.53,7.66,17.65,0,0
Varun Chakaravarthy,2024,15,0,0,0,0,0,0,0,0,0,0,4,0,15,300,402,21,Mar-16,19.14,8.04,14.29,0,0
Varun Chakaravarthy,2023,14,1,1,1,1,9,11.11,0,0,0,0,4,0,14,316,429,20,Apr-15,21.45,8.15,15.8,1,0
Varun Chakaravarthy,2022,11,4,12,10*,0,18,66.67,0,0,2,0,2,0,11,234,332,6,Jan-22,55.33,8.51,39,0,0
Varun Chakaravarthy,2021,17,2,2,2*,2,4,50,0,0,0,0,1,0,17,408,448,18,Mar-13,24.88,6.58,22.66,0,0
Varun Chakaravarthy,2020,13,1,10,7*,5,15,66.66,0,0,0,0,3,0,13,312,356,17,May-20,20.94,6.84,18.35,0,1
Varun Chakaravarthy,2019,1,0,0,0,0,0,0,0,0,0,0,0,0,1,18,35,1,Jan-35,35,11.66,18,0,0
Venkatesh Iyer,2025,11,0,142,60,20.29,102,139.22,0,1,15,4,4,0,11,0,0,0,0,0,0,0,0,0
Venkatesh Iyer,2024,15,5,370,70,46.25,233,158.8,0,4,35,19,4,0,15,6,28,0,0/28,0,28,0,0,0
Venkatesh Iyer,2023,14,0,404,104,28.86,277,145.85,1,2,32,21,3,0,14,0,0,0,0,0,0,0,0,0
Venkatesh Iyer,2022,12,1,182,50*,16.55,169,107.69,0,1,17,7,4,0,12,24,46,0,0/8,0,11.5,0,0,0
Venkatesh Iyer,2021,10,1,370,67,41.11,288,128.47,0,4,37,14,7,0,10,51,69,3,Feb-29,23,8.11,17,0,0
Vicky Ostwal,No stats,No stats,No stats,No stats,No stats,No stats,No stats,No stats,No stats,No stats,No stats,No stats,No stats,No stats,No stats,No stats,No stats,No stats,No stats,No stats,No stats,No stats,No stats,No stats
Vignesh Puthur,2025,5,0,0,0,0,0,0,0,0,0,0,2,0,5,72,109,6,Mar-32,18.17,9.08,12,0,0
Vihaan Malhotra,No stats,No stats,No stats,No stats,No stats,No stats,No stats,No stats,No stats,No stats,No stats,No stats,No stats,No stats,No stats,No stats,No stats,No stats,No stats,No stats,No stats,No stats,No stats,No stats
Vipraj Nigam,2025,14,1,142,39,20.29,79,179.75,0,0,15,8,3,0,14,234,356,11,Feb-18,32.36,9.13,21.27,0,0
Virat Kohli,2025,15,3,657,73*,54.75,454,144.71,0,8,66,19,3,0,15,0,0,0,0,0,0,0,0,0
Virat Kohli,2024,15,3,741,113*,61.75,479,154.7,1,5,62,38,8,0,15,0,0,0,0,0,0,0,0,0
Virat Kohli,2023,14,2,639,101*,53.25,457,139.82,2,6,65,16,13,0,14,0,0,0,0,0,0,0,0,0
Virat Kohli,2022,16,1,341,73,22.73,294,115.99,0,2,32,8,9,0,16,0,0,0,0,0,0,0,0,0
Virat Kohli,2021,15,1,405,72*,28.92,339,119.46,0,3,43,9,8,0,15,0,0,0,0,0,0,0,0,0
Virat Kohli,2020,15,4,466,90*,42.36,384,121.35,0,3,23,11,3,0,15,0,0,0,0,0,0,0,0,0
Virat Kohli,2019,14,0,464,100,33.14,328,141.46,1,2,46,13,5,0,14,0,0,0,0,0,0,0,0,0
Virat Kohli,2018,14,3,530,92*,48.18,381,139.1,0,4,52,18,8,0,14,0,0,0,0,0,0,0,0,0
Virat Kohli,2017,10,0,308,64,30.8,252,122.22,0,4,23,11,6,0,10,0,0,0,0,0,0,0,0,0
Virat Kohli,2016,16,4,973,113,81.08,640,152.03,4,7,83,38,6,0,16,6,13,0,0/13,0,13,0,0,0
Virat Kohli,2015,16,5,505,82*,45.9,386,130.82,0,3,35,23,7,0,16,11,10,0,0/4,0,5.45,0,0,0
Virat Kohli,2014,14,1,359,73,27.61,294,122.1,0,2,23,16,7,0,14,0,0,0,0,0,0,0,0,0
Virat Kohli,2013,16,2,634,99,45.28,457,138.73,0,6,64,22,7,0,16,0,0,0,0,0,0,0,0,0
Virat Kohli,2012,16,2,364,73*,28,326,111.65,0,2,33,9,7,0,16,18,49,0,0/13,0,16.33,0,0,0
Virat Kohli,2011,16,4,557,71,46.41,460,121.08,0,4,55,16,7,0,16,102,139,2,01-Aug,69.5,8.17,51,0,0
Virat Kohli,2010,16,2,307,58,27.9,212,144.81,0,1,26,12,3,0,16,32,50,0,0/1,0,9.37,0,0,0
Virat Kohli,2009,16,2,246,50,22.36,219,112.32,0,1,22,8,9,0,16,36,46,0,0/9,0,7.66,0,0,0
Virat Kohli,2008,13,1,165,38,15,157,105.09,0,0,18,4,2,0,13,46,61,2,Feb-25,30.5,7.95,23,0,0
Vishal Nishad,No stats,No stats,No stats,No stats,No stats,No stats,No stats,No stats,No stats,No stats,No stats,No stats,No stats,No stats,No stats,No stats,No stats,No stats,No stats,No stats,No stats,No stats,No stats,No stats
Vishnu Vinod,2023,3,0,37,30,12.33,31,119.35,0,0,2,2,1,0,3,0,0,0,0,0,0,0,0,0
Vishnu Vinod,2017,3,0,19,9,6.33,26,73.07,0,0,1,1,0,2,3,0,0,0,0,0,0,0,0,0
Vyshak Vijaykumar,2025,5,0,0,0,0,0,0,0,0,0,0,1,0,5,102,181,4,Feb-44,45.25,10.65,25.5,0,0
Vyshak Vijaykumar,2024,4,1,1,1*,1,3,33.33,0,0,0,0,3,0,4,87,142,4,Feb-23,35.5,9.79,21.75,0,0
Vyshak Vijaykumar,2023,7,1,13,13*,13,9,144.44,0,0,0,1,1,0,7,144,253,9,Mar-20,28.11,10.54,16,0,0
Wanindu Hasaranga,2025,11,0,9,4,1.8,15,60,0,0,0,0,2,0,11,246,371,11,Apr-35,33.73,9.05,22.36,1,0
Wanindu Hasaranga,2023,8,3,33,12*,16.5,28,117.86,0,0,3,0,0,0,8,174,258,9,Feb-24,28.67,8.9,19.33,0,0
Wanindu Hasaranga,2022,16,0,38,18,5.43,43,88.37,0,0,4,1,3,0,16,342,430,26,May-18,16.54,7.54,13.15,1,1
Wanindu Hasaranga,2021,2,1,1,1*,1,2,50,0,0,0,0,0,0,2,36,60,0,0/20,0,10,0,0,0
Washington Sundar,2025,6,0,133,49,26.6,80,166.25,0,0,10,7,3,0,6,65,111,2,Jan-28,55.5,10.25,32.5,0,0
Washington Sundar,2024,2,1,0,0,0,1,0,0,0,0,0,0,0,2,30,73,1,Jan-46,73,14.6,30,0,0
Washington Sundar,2023,7,1,60,24*,15,60,100,0,0,6,0,2,0,7,106,146,3,Mar-28,48.67,8.26,35.33,0,0
Washington Sundar,2022,9,0,101,40,14.43,69,146.38,0,0,9,3,1,0,9,168,239,6,Feb-21,39.83,8.54,28,0,0
Washington Sundar,2021,6,0,31,10,7.75,47,65.95,0,0,2,0,2,0,6,96,118,3,01-Jul,39.33,7.37,32,0,0
Washington Sundar,2020,15,3,111,30,18.5,95,116.84,0,0,10,2,0,0,15,300,298,8,Feb-16,37.25,5.96,37.5,0,0
Washington Sundar,2019,3,0,1,1,0.5,3,33.33,0,0,0,0,2,0,3,54,74,4,Mar-24,18.5,8.22,13.5,0,0
Washington Sundar,2018,7,3,65,35,21.66,38,171.05,0,0,5,4,0,0,7,120,192,4,Feb-22,48,9.6,30,0,0
Washington Sundar,2017,11,5,9,5*,9,12,75,0,0,0,0,5,0,11,180,185,8,Mar-16,23.12,6.16,22.5,0,0
Will Jacks,2025,13,1,233,53,23.3,172,135.47,0,1,22,11,6,0,13,84,120,6,Feb-14,20,8.57,14,0,0
Will Jacks,2024,8,1,230,100*,32.86,131,175.57,1,1,16,18,3,0,8,54,100,2,Jan-23,50,11.11,27,0,0
Xavier Bartlett,2025,4,0,11,11,11,15,73.33,0,0,1,0,5,0,4,60,96,2,Jan-26,48,9.6,30,0,0
Yash Dayal,2025,15,1,4,3,2,8,50,0,0,0,0,3,0,15,294,470,13,Feb-18,36.15,9.59,22.62,0,0
Yash Dayal,2024,14,0,0,0,0,0,0,0,0,0,0,3,0,14,301,459,15,Mar-20,30.6,9.15,20.07,0,0
Yash Dayal,2023,5,0,0,0,0,0,0,0,0,0,0,1,0,5,84,165,2,Jan-31,82.5,11.79,42,0,0
Yash Dayal,2022,9,0,0,0,0,1,0,0,0,0,0,1,0,9,192,296,11,Mar-40,26.91,9.25,17.45,0,0
Yash Raj Punja,No stats,No stats,No stats,No stats,No stats,No stats,No stats,No stats,No stats,No stats,No stats,No stats,No stats,No stats,No stats,No stats,No stats,No stats,No stats,No stats,No stats,No stats,No stats,No stats
Yash Thakur,2025,2,0,0,0,0,0,0,0,0,0,0,0,0,2,39,79,1,Jan-39,79,12.15,39,0,0
Yash Thakur,2024,10,0,0,0,0,0,0,0,0,0,0,1,0,10,213,402,11,May-30,36.55,11.32,19.36,0,1
Yash Thakur,2023,9,0,0,0,0,0,0,0,0,0,0,1,0,9,191,289,13,Apr-37,22.23,9.08,14.69,1,0
Yashasvi Jaiswal,2025,14,1,559,75,43,350,159.71,0,6,60,28,10,0,14,0,0,0,0,0,0,0,0,0
Yashasvi Jaiswal,2024,16,1,435,104*,31.07,279,155.91,1,1,54,16,4,0,16,0,0,0,0,0,0,0,0,0
Yashasvi Jaiswal,2023,14,1,625,124,48.08,382,163.61,1,5,82,26,8,0,14,0,0,0,0,0,0,0,0,0
Yashasvi Jaiswal,2022,10,0,258,68,25.8,194,132.99,0,2,28,10,2,0,10,1,6,0,0/6,0,36,0,0,0
Yashasvi Jaiswal,2021,10,0,249,50,24.9,168,148.21,0,1,32,10,3,0,10,0,0,0,0,0,0,0,0,0
Yashasvi Jaiswal,2020,3,0,40,34,13.33,44,90.9,0,0,2,2,1,0,3,0,0,0,0,0,0,0,0,0
Yudhvir Singh Charak,2025,4,0,0,0,0,0,0,0,0,0,0,0,0,4,66,131,4,Mar-47,32.75,11.91,16.5,0,0
Yudhvir Singh Charak,2024,2,0,21,14,10.5,14,150,0,0,1,2,0,0,2,24,52,1,Jan-24,52,13,24,0,0
Yudhvir Singh Charak,2023,3,0,1,1,0.5,2,50,0,0,0,0,0,0,3,48,70,3,Feb-19,23.33,8.75,16,0,0
Yuzvendra Chahal,2025,14,0,0,0,0,0,0,0,0,0,0,2,0,14,270,430,16,Apr-28,26.88,9.56,16.88,2,0
Yuzvendra Chahal,2024,15,0,0,0,0,0,0,0,0,0,0,5,0,15,348,546,18,03-Nov,30.33,9.41,19.33,0,0
Yuzvendra Chahal,2023,14,0,0,0,0,0,0,0,0,0,0,1,0,14,317,432,21,Apr-17,20.57,8.18,15.1,3,0
Yuzvendra Chahal,2022,17,1,5,5,5,8,62.5,0,0,0,0,0,0,17,408,527,27,May-40,19.52,7.75,15.11,1,1
Yuzvendra Chahal,2021,15,2,10,8*,0,27,37.03,0,0,0,0,4,0,15,318,374,18,03-Nov,20.77,7.05,17.66,0,0
Yuzvendra Chahal,2020,15,1,1,1,1,3,33.33,0,0,0,0,1,0,15,343,405,21,Mar-18,19.28,7.08,16.33,0,0
Yuzvendra Chahal,2019,14,1,6,4,3,16,37.5,0,0,0,0,3,0,14,296,386,18,Apr-38,21.44,7.82,16.44,1,0
Yuzvendra Chahal,2018,14,1,0,0*,0,4,0,0,0,0,0,2,0,14,300,363,12,Feb-22,30.25,7.26,25,0,0
Yuzvendra Chahal,2017,13,3,13,4*,4.33,26,50,0,0,0,0,3,0,13,261,333,14,Mar-16,23.78,7.65,18.64,0,0
Yuzvendra Chahal,2016,13,0,0,0,0,0,0,0,0,0,0,4,0,13,295,401,21,Apr-25,19.09,8.15,14.04,1,0
Yuzvendra Chahal,2015,15,2,1,1*,0,1,100,0,0,0,0,4,0,15,281,415,23,Mar-40,18.04,8.86,12.21,0,0
Yuzvendra Chahal,2014,14,2,1,1*,0,1,100,0,0,0,0,3,0,14,330,386,12,Feb-17,32.16,7.01,27.5,0,0
Yuzvendra Chahal,2013,1,0,0,0,0,0,0,0,0,0,0,0,0,1,24,34,0,0/34,0,8.5,0,0,0
Zak Foulkes,No stats,No stats,No stats,No stats,No stats,No stats,No stats,No stats,No stats,No stats,No stats,No stats,No stats,No stats,No stats,No stats,No stats,No stats,No stats,No stats,No stats,No stats,No stats,No stats
Zeeshan Ansari,2025,10,0,0,0,0,0,0,0,0,0,0,4,0,10,203,333,6,Mar-42,55.5,9.84,33.83,0,0
